,blanc,,Coupe 694_665,,,Red 620,,,lime 550_15,
250,112.9097,250,6810.546,6697.6363,250,234.8647,121.955,250,99.3599,-13.5498
251,86.61823,251,6780.254,6693.63577,251,266.8983,180.28007,251,121.7355,35.11727
252,114.0158,252,7338.226,7224.2102,252,242.5996,128.5838,252,111.5898,-2.426
253,130.7061,253,7621.124,7490.4179,253,289.6216,158.9155,253,166.5885,35.8824
254,146.0739,254,8209.977,8063.9031,254,278.6362,132.5623,254,216.4114,70.3375
255,123.2103,255,8370.833,8247.6227,255,283.6862,160.4759,255,209.1773,85.967
256,145.5689,256,9167.735,9022.1661,256,318.4501,172.8812,256,227.4576,81.8887
257,126.7363,257,9581.28,9454.5437,257,335.8733,209.137,257,243.9763,117.24
258,178.6571,258,9951.427,9772.7699,258,347.4066,168.7495,258,234.905,56.2479
259,137.4951,259,10304.74,10167.2449,259,378.138,240.6429,259,319.6931,182.198
260,189.2186,260,10526.7,10337.4814,260,407.0234,217.8048,260,224.9225,35.7039
261,196.0144,261,10834.26,10638.2456,261,304.9204,108.906,261,250.4666,54.4522
262,169.9008,262,10912.72,10742.8192,262,465.4178,295.517,262,254.8571,84.9563
263,221.8977,263,11364.82,11142.9223,263,494.4383,272.5406,263,198.5388,-23.3589
264,188.6326,264,12214.86,12026.2274,264,442.904,254.2714,264,237.8439,49.2113
265,222.6058,265,12059.4,11836.7942,265,482.3429,259.7371,265,350.4088,127.803
266,219.9783,266,12296.38,12076.4017,266,506.4,286.4217,266,348.6556,128.6773
267,188.2444,267,11939.19,11750.9456,267,402.1786,213.9342,267,282.3728,94.1284
268,211.6594,268,13019.52,12807.8606,268,546.8284,335.169,268,335.1368,123.4774
269,220.6683,269,12943.34,12722.6717,269,576.485,355.8167,269,351.278,130.6097
270,207.0306,270,13370.96,13163.9294,270,377.2697,170.2391,270,335.8591,128.8285
271,174.6536,271,13320.14,13145.4864,271,590.0979,415.4443,271,335.1575,160.5039
272,280.9304,272,13735.87,13454.9396,272,445.6289,164.6985,272,314.838,33.9076
273,224.2171,273,13563.19,13338.9729,273,560.5814,336.3643,273,341.2081,116.991
274,216.0944,274,13562.33,13346.2356,274,555.0079,338.9135,274,319.237,103.1426
275,259.082,275,14268.47,14009.388,275,563.9182,304.8362,275,386.0926,127.0106
276,257.4155,276,14169.04,13911.6245,276,614.687,357.2715,276,467.5693,210.1538
277,271.4277,277,14589.84,14318.4123,277,564.1749,292.7472,277,372.5549,101.1272
278,318.3324,278,15056.63,14738.2976,278,512.5876,194.2552,278,372.2908,53.9584
279,196.8745,279,15101.99,14905.1155,279,601.6056,404.7311,279,360.9475,164.073
280,266.2368,280,15361.44,15095.2032,280,554.6888,288.452,280,421.5534,155.3166
281,261.9571,281,15817.23,15555.2729,281,601.9807,340.0236,281,445.8991,183.942
282,302.7886,282,15788.53,15485.7414,282,622.4343,319.6457,282,392.51,89.7214
283,295.0831,283,15516.39,15221.3069,283,629.9261,334.843,283,374.5338,79.4507
284,293.0749,284,16146.34,15853.2651,284,580.4323,287.3574,284,511.4639,218.389
285,248.1407,285,15558.66,15310.5193,285,657.9082,409.7675,285,288.5378,40.3971
286,330.6854,286,15618.1,15287.4146,286,649.8035,319.1181,286,423.5161,92.8307
287,352.8132,287,16030.99,15678.1768,287,540.9975,188.1843,287,452.7846,99.9714
288,327.9482,288,16148.01,15820.0618,288,626.1142,298.166,288,405.4685,77.5203
289,291.7228,289,16770.83,16479.1072,289,698.966,407.2432,289,486.2202,194.4974
290,297.3877,290,16610.63,16313.2423,290,687.7524,390.3647,290,520.4473,223.0596
291,260.0486,291,16214.26,15954.2114,291,619.1992,359.1506,291,520.1191,260.0705
292,254.0295,292,15901.44,15647.4105,292,650.6049,396.5754,292,427.525,173.4955
293,262.6883,293,16246.82,15984.1317,293,694.2955,431.6072,293,406.5507,143.8624
294,271.641,294,16263.75,15992.109,294,625.441,353.8,294,429.5825,157.9415
295,272.085,295,16843.71,16571.625,295,664.4348,392.3498,295,506.2234,234.1384
296,380.6732,296,16525.13,16144.4568,296,628.1354,247.4622,296,475.8487,95.1755
297,364.9637,297,16541.93,16176.9663,297,672.3338,307.3701,297,461.0137,96.05
298,342.643,298,17066.32,16723.677,298,691.7884,349.1454,298,497.8141,155.1711
299,382.4657,299,16552.07,16169.6043,299,719.5915,337.1258,299,427.846,45.3803
300,364.3109,300,16401.83,16037.5191,300,618.0515,253.7406,300,572.5068,208.1959
301,294.2715,301,17085.39,16791.1185,301,673.594,379.3225,301,411.9876,117.7161
302,302.5793,302,17192.42,16889.8407,302,842.0286,539.4493,302,473.6146,171.0353
303,317.4722,303,16642.16,16324.6878,303,740.8159,423.3437,303,469.6051,152.1329
304,319.4156,304,16650.41,16330.9944,304,638.8619,319.4463,304,392.6194,73.2038
305,265.8858,305,16658.88,16392.9942,305,664.7545,398.8687,305,445.3708,179.485
306,405.451,306,17472.54,17067.089,306,638.1093,232.6583,306,425.3925,19.9415
307,367.2442,307,17317.72,16950.4758,307,621.0002,253.756,307,353.8892,-13.355
308,349.0179,308,16908.61,16559.5921,308,765.202,416.1841,308,456.4153,107.3974
309,326.0925,309,16677.59,16351.4975,309,699.7786,373.6861,309,482.3562,156.2637
310,288.8629,310,16911.78,16622.9171,310,687.8088,398.9459,310,474.5733,185.7104
311,351.8261,311,17475.95,17124.1239,311,682.9894,331.1633,311,489.8069,137.9808
312,214.6383,312,16781.88,16567.2417,312,727.0543,512.416,312,415.4409,200.8026
313,310.451,313,17067.9,16757.449,313,696.829,386.378,313,469.1367,158.6857
314,268.3669,314,17134.84,16866.4731,314,681.2799,412.913,314,488.581,220.2141
315,332.4992,315,16719.87,16387.3708,315,741.2398,408.7406,315,547.2552,214.756
316,292.9875,316,16851.84,16558.8525,316,683.6758,390.6883,316,488.3262,195.3387
317,382.7477,317,16852.89,16470.1423,317,688.9763,306.2286,317,466.2619,83.5142
318,312.6801,318,16813.41,16500.7299,318,618.4389,305.7588,318,521.1491,208.469
319,300.4138,319,17101.77,16801.3562,319,586.8789,286.4651,319,530.9814,230.5676
320,323.2661,320,17506.13,17182.8639,320,660.6189,337.3528,320,590.3344,267.0683
321,486.7596,321,17161.74,16674.9804,321,585.5306,98.7710000000001,321,395.0461,-91.7135
322,297.5545,322,17256.9,16959.3455,322,588.0485,290.494,322,595.134,297.5795
323,340.9763,323,17260.35,16919.3737,323,603.8347,262.8584,323,504.3725,163.3962
324,306.4369,324,17473.3,17166.8631,324,698.4295,391.9926,324,505.9914,199.5545
325,326.3666,325,17117.94,16791.5734,325,588.9007,262.5341,325,532.1349,205.7683
326,296.9441,326,17377.79,17080.8459,326,728.2644,431.3203,326,516.1331,219.189
327,347.231,327,17673.98,17326.749,327,630.7101,283.4791,327,439.3592,92.1282
328,298.4561,328,17273.49,16975.0339,328,632.4725,334.0164,328,646.6866,348.2305
329,350.4097,329,18173.56,17823.1503,329,679.3969,328.9872,329,429.0778,78.6681
330,403.1292,330,17787.77,17384.6408,330,662.3076,259.1784,330,482.3206,79.1914
331,445.2289,331,17708.04,17262.8111,331,610.4086,165.1797,331,337.5072,-107.7217
332,415.7874,332,18527.77,18111.9826,332,688.2261,272.4387,332,508.9878,93.2004
333,315.8752,333,18323.58,18007.7048,333,674.8581,358.9829,333,423.5663,107.6911
334,366.8447,334,19660.85,19294.0053,334,740.921,374.0763,334,460.3601,93.5154
335,280.3195,335,19350.17,19069.8505,335,675.6791,395.3596,335,524.7185,244.399
336,330.5958,336,18582.04,18251.4442,336,769.0414,438.4456,336,459.9676,129.3718
337,371.9926,337,18805.39,18433.3974,337,672.4765,300.4839,337,450.6884,78.6958
338,313.5578,338,19005.76,18692.2022,338,620.0159,306.4581,338,434.7125,121.1547
339,393.1396,339,20328.3,19935.1604,339,650.4908,257.3512,339,571.8537,178.7141
340,358.6146,340,20448,20089.3854,340,631.1857,272.5711,340,631.1857,272.5711
341,371.7639,341,19900.73,19528.9661,341,514.7603,142.9964,341,521.9103,150.1464
342,299.5118,342,19104.95,18805.4382,342,577.6524,278.1406,342,477.8046,178.2928
343,299.6434,343,20318.51,20018.8666,343,734.8846,435.2412,343,535.0951,235.4517
344,407.0374,344,20042.69,19635.6526,344,764.126,357.0886,344,457.0276,49.9902
345,336.0627,345,19910.71,19574.6473,345,557.7383,221.6756,345,529.1342,193.0715
346,379.6202,346,20197.14,19817.5198,346,773.6083,393.9881,346,494.2305,114.6103
347,337.103,347,19972.34,19635.237,347,667.0642,329.9612,347,566.638,229.535
348,395.1858,348,20029.48,19634.2942,348,668.2486,273.0628,348,596.3879,201.2021
349,243.038,349,18762.45,18519.412,349,729.1636,486.1256,349,500.3904,257.3524
350,348.7272,350,18923.28,18574.5528,350,804.2591,455.5319,350,412.7829,64.0557
351,368.1757,351,18512.79,18144.6143,351,630.1702,261.9945,351,545.1968,177.0211
352,352.4543,352,16865.62,16513.1657,352,599.1932,246.7389,352,514.5951,162.1408
353,336.701,353,17579.65,17242.949,353,722.5439,385.8429,353,322.6711,-14.0299
354,300.3564,354,16894.96,16594.6036,354,768.4052,468.0488,354,440.0659,139.7095
355,284.5818,355,16886.18,16601.5982,355,617.7803,333.1985,355,492.8271,208.2453
356,386.5449,356,16938.08,16551.5351,356,593.6403,207.0954,356,510.8006,124.2557
357,302.6864,357,16874.07,16571.3836,357,584.759,282.0726,357,509.0787,206.3923
358,370.4384,358,16192.52,15822.0816,358,651.7239,281.2855,358,507.6479,137.2095
359,266.7314,359,16370.66,16103.9286,359,690.8088,424.0774,359,465.0836,198.3522
360,327.4717,360,15898.14,15570.6683,360,586.7425,259.2708,360,477.5735,150.1018
361,312.6733,361,16693.42,16380.7467,361,659.3665,346.6932,361,550.5962,237.9229
362,359.1223,362,16831.51,16472.3877,362,664.0673,304.945,362,413.3327,54.2104
363,339.377,363,16308.04,15968.663,363,617.6914,278.3144,363,475.1373,135.7603
364,346.8483,364,16429.07,16082.2217,364,652.9203,306.072,364,394.4577,47.6094
365,400.1852,365,16160.21,15760.0248,365,562.9859,162.8007,365,508.7181,108.5329
366,257.1659,366,16321.34,16064.1741,366,527.888,270.7221,366,487.2783,230.1124
367,357.8467,367,16310.38,15952.5333,367,526.6555,168.8088,367,546.9131,189.0664
368,330.2043,368,16475.5,16145.2957,368,464.9909,134.7866,368,545.8654,215.6611
369,290.1507,369,16354.79,16064.6393,369,587.0749,296.9242,369,425.113,134.9623
370,378.4617,370,15775.84,15397.3783,370,587.9855,209.5238,370,446.0486,67.5869
371,297.9518,371,15780.07,15482.1182,371,507.8881,209.9363,371,460.482,162.5302
372,339.327,372,16530.67,16191.343,372,556.514,217.187,372,583.6634,244.3364
373,283.5091,373,16320.24,16036.7309,373,594.0464,310.5373,373,533.2869,249.7778
374,376.1917,374,15937.68,15561.4883,374,638.2073,262.0156,374,450.0915,73.8998
375,295.2442,375,16540.1,16244.8558,375,503.2727,208.0285,375,543.5378,248.2936
376,248.0671,376,15805.64,15557.5729,376,556.5004,308.4333,376,449.216,201.1489
377,342.3974,377,16144.05,15801.6526,377,516.9664,174.569,377,510.2521,167.8547
378,336.2035,378,16642.02,16305.8165,378,571.5659,235.3624,378,511.0425,174.839
379,435.6584,379,15881.1,15445.4416,379,502.6877,67.0293,379,428.9555,-6.7029
380,287.3727,380,15768.46,15481.0873,380,541.3506,253.9779,380,400.992,113.6193
381,287.433,381,16040.41,15752.977,381,601.6321,314.1991,381,487.9822,200.5492
382,300.9375,382,15644.47,15343.5325,382,501.5776,200.6401,382,428.0082,127.0707
383,307.3647,383,16504,16196.6353,383,654.8544,347.4897,383,507.8351,200.4704
384,340.575,384,15883.67,15543.095,384,581.0017,240.4267,384,487.5004,146.9254
385,374.1234,385,16393.79,16019.6666,385,541.1563,167.0329,385,507.749,133.6256
386,367.6695,386,16162.11,15794.4405,386,494.692,127.0225,386,474.6355,106.966
387,374.2391,387,16633.9,16259.6609,387,541.3237,167.0846,387,454.4386,80.1995
388,287.3326,388,16491.39,16204.0574,388,487.8119,200.4793,388,434.3496,147.017
389,233.8082,389,17211.87,16978.0618,389,601.2541,367.4459,389,347.3781,113.5699
390,287.2323,390,17519.53,17232.2977,390,567.8086,280.5763,390,374.0748,86.8425
391,360.3218,391,17970.02,17609.6982,391,460.4182,100.0964,391,453.745,93.4232
392,293.3463,392,18048.78,17755.4337,392,633.3935,340.0472,392,433.3615,140.0152
393,300.8115,393,21485.73,21184.9185,393,514.7385,213.927,393,574.9078,274.0963
394,281.535,394,27926.5,27644.965,394,489.3499,207.8149,394,442.4228,160.8878
395,268.1814,395,30718.48,30450.2986,395,569.9111,301.7297,395,442.5108,174.3294
396,261.578,396,35600.56,35338.982,396,596.9643,335.3863,396,355.4828,93.9048
397,315.0589,397,41642.37,41327.3111,397,529.5841,214.5252,397,502.7677,187.7088
398,301.5435,398,48711.11,48409.5665,398,583.0087,281.4652,398,469.0795,167.536
399,294.6429,399,57399.68,57105.0371,399,602.7063,308.0634,399,475.4593,180.8164
400,281.115,400,69062.69,68781.575,400,682.7488,401.6338,400,488.6198,207.5048
401,321.161,401,81807.13,81485.969,401,555.3604,234.1994,401,454.9872,133.8262
402,367.9372,402,94223.9,93855.9628,402,521.8139,153.8767,402,461.6004,93.6632
403,363.2164,403,117178.3,116815.0836,403,491.0241,127.8077,403,578.4743,215.2579
404,331.3902,404,142496.3,142164.9098,404,547.8258,216.4356,404,493.7156,162.3254
405,223.3954,405,167623.4,167400.0046,405,717.6254,494.23,405,406.1844,182.789
406,311.7533,406,214843.1,214531.3467,406,609.9789,298.2256,406,372.7519,60.9986
407,278.6802,407,278019.5,277740.8198,407,638.9593,360.2791,407,401.0349,122.3547
408,340.8804,408,343695.2,343354.3196,408,654.5204,313.64,408,470.4239,129.5435
409,280.2657,409,418216.2,417935.9343,409,567.3909,287.1252,409,499.0255,218.7598
410,349.582,410,498000.6,497651.018,410,623.789,274.207,410,507.2484,157.6664
411,343.2238,411,590524.1,590180.8762,411,542.3094,199.0856,411,494.2532,151.0294
412,419.3884,412,706766.1,706346.7116,412,508.7728,89.3844,412,625.6637,206.2753
413,372.3573,413,823893.5,823521.1427,413,517.1738,144.8165,413,379.2532,6.89589999999998
414,359.6438,414,950959.6,950599.9562,414,449.5605,89.9167,414,587.8986,228.2548
415,257.1028,415,1071867,1071609.8972,415,660.167,403.0642,415,340.4915,83.3887
416,377.0124,416,1222081,1221703.9876,416,481.7452,104.7328,416,488.7275,111.7151
417,300.5801,417,1374489,1374188.4199,417,587.2038,286.6237,417,566.2305,265.6504
418,433.9814,418,1554347,1553913.0186,418,587.9879,154.0065,418,454.9819,21.0005
419,358.4837,419,1704269,1703910.5163,419,604.523,246.0393,419,752.1549,393.6712
420,310.5862,420,1854622,1854311.4138,420,501.1867,190.6005,420,783.5767,472.9905
421,269.7646,421,2000544,2000274.2354,421,653.1497,383.3851,421,837.7573,567.9927
422,292.7247,422,2161979,2161686.2753,422,564.0518,271.3271,422,699.7232,406.9985
423,250.5644,423,2300845,2300594.4356,423,572.7444,322.18,423,873.472,622.9076
424,272.7946,424,2455731,2455458.2054,424,610.2272,337.4326,424,861.5273,588.7327
425,360.5114,425,2582159,2581798.4886,425,648.9464,288.435,425,677.7912,317.2798
426,398.3026,426,2707423,2707024.6974,426,514.1807,115.8781,426,905.2965,506.9939
427,305.4144,427,2818702,2818396.5856,427,494.4934,189.079,427,632.6727,327.2583
428,350.5,428,2933529,2933178.5,428,576.8825,226.3825,428,876.3132,525.8132
429,352.9129,429,3054532,3054179.0871,429,441.1465,88.2336,429,808.809,455.8961
430,281.2993,430,3160263,3159981.7007,430,629.2518,347.9525,430,732.9036,451.6043
431,364.274,431,3251236,3250871.726,431,743.4543,379.1803,431,750.8896,386.6156
432,395.6907,432,3350727,3350331.3093,432,649.5521,253.8614,432,492.7533,97.0626
433,359.8445,433,3433242,3432882.1555,433,607.2576,247.4131,433,502.2924,142.4479
434,338.7512,434,3521544,3521205.2488,434,639.889,301.1378,434,331.2231,-7.5281
435,385.8788,435,3604434,3604048.1212,435,605.3177,219.4389,435,506.947,121.0682
436,266.1633,436,3683934,3683667.8367,436,638.8233,372.66,436,562.7673,296.604
437,351.999,437,3765575,3765223.001,437,642.8052,290.8062,437,451.4828,99.4838
438,408.0792,438,3855647,3855238.9208,438,700.691,292.6118,438,477.38,69.3008
439,440.8555,439,3939952,3939511.1445,439,603.2886,162.4331,439,425.386,-15.4695
440,341.8364,440,4013254,4012912.1636,440,582.6937,240.8573,440,520.5355,178.6991
441,398.9389,441,4081446,4081047.0611,441,704.0374,305.0985,441,461.5213,62.5824
442,330.7723,442,4148636,4148305.2277,442,740.3384,409.5661,442,472.5403,141.768
443,308.866,443,4180525,4180216.134,443,570.233,261.367,443,562.3126,253.4466
444,414.1218,444,4201306,4200891.8782,444,756.6012,342.4794,444,645.0931,230.9713
445,449.0817,445,4216989,4216539.9183,445,617.5002,168.4185,445,352.8457,-96.236
446,419.8837,446,4226041,4225621.1163,446,605.6154,185.7317,446,565.2383,145.3546
447,405.7503,447,4199584,4199178.2497,447,681.6837,275.9334,447,592.4091,186.6588
448,366.9915,448,4165715,4165348.0085,448,603.5146,236.5231,448,432.2379,65.2464000000001
449,377.7847,449,4123946,4123568.2153,449,517.4096,139.6249,449,566.6901,188.9054
450,380.4253,450,4047403,4047022.5747,450,595.4637,215.0384,450,612.0056,231.5803
451,373.9908,451,3930295,3929921.0092,451,515.285,141.2942,451,482.0389,108.0481
452,350.7735,452,3792116,3791765.2265,452,818.5174,467.7439,452,425.9431,75.1696
453,453.3761,453,3645447,3644993.6239,453,671.6857,218.3096,453,621.3056,167.9295
454,303.8293,454,3486986,3486682.1707,454,725.8508,422.0215,454,438.8716,135.0423
455,459.2804,455,3336502,3336042.7196,455,518.8204,59.54,455,501.8089,42.5285
456,419.9506,456,3191769,3191349.0494,456,599.942,179.9914,456,565.6573,145.7067
457,396.5965,457,3043960,3043563.4035,457,672.5113,275.9148,457,638.0209,241.4244
458,416.3015,458,2910137,2909720.6985,458,650.4888,234.1873,458,555.0776,138.7761
459,322.6643,459,2799748,2799425.3357,459,662.7957,340.1314,459,540.6942,218.0299
460,455.9632,460,2687504,2687048.0368,460,657.6543,201.6911,460,543.6538,87.6906000000001
461,433.3152,461,2608601,2608167.6848,461,592.5029,159.1877,461,442.1588,8.84359999999998
462,481.5656,462,2527600,2527118.4344,462,802.6382,321.0726,462,499.4024,17.8368
463,502.8297,463,2454897,2454394.1703,463,664.4656,161.6359,463,745.2856,242.4559
464,470.0906,464,2389766,2389295.9094,464,768.4427,298.3521,464,470.0906,0
465,491.6353,465,2316180,2315688.3647,465,691.9464,200.3111,465,518.95,27.3147000000001
466,403.4039,466,2232130,2231726.5961,466,861.8605,458.4566,466,623.4573,220.0534
467,471.1518,467,2171979,2171507.8482,467,655.9304,184.7786,467,665.1695,194.0177
468,511.9498,468,2098447,2097935.0502,468,735.3637,223.4139,468,688.8183,176.8685
469,505.1685,469,2024582,2024076.8315,469,841.9778,336.8093,469,570.6573,65.4888
470,432.472,470,1949356,1948923.528,470,883.7896,451.3176,470,629.9181,197.4461
471,360.2765,471,1892529,1892168.7235,471,635.2428,274.9663,471,625.7609,265.4844
472,544.951,472,1836723,1836178.049,472,793.5459,248.5949,472,745.7382,200.7872
473,374.8592,473,1772396,1772021.1408,473,788.1994,413.3402,473,653.6196,278.7604
474,521.8121,474,1735350,1734828.1879,474,715.0902,193.2781,474,608.7863,86.9742
475,409.5424,475,1720767,1720357.4576,475,848.376,438.8336,475,546.0642,136.5218
476,452.5995,476,1692285,1691832.4005,476,708.4351,255.8356,476,649.3949,196.7954
477,455.7982,477,1682003,1681547.2018,477,871.9984,416.2002,477,634.1654,178.3672
478,468.9724,478,1669475,1669006.0276,478,818.2357,349.2633,478,488.9296,19.9572
479,582.5355,479,1669844,1669261.4645,479,863.7837,281.2482,479,612.6685,30.133
480,343.6973,480,1660845,1660501.3027,480,879.5073,535.81,480,525.6641,181.9668
481,468.7646,481,1675126,1674657.2354,481,1019.109,550.3444,481,723.5461,254.7815
482,647.1642,482,1688434,1687786.8358,482,903.998,256.8338,482,616.345,-30.8192
483,404.3417,483,1706068,1705663.6583,483,974.6209,570.2792,483,684.2892,279.9475
484,460.3923,484,1721418,1720957.6077,484,1025.474,565.0817,484,648.7462,188.3539
485,462.874,485,1724152,1723689.126,485,1441.355,978.481,485,757.4514,294.5774
486,539.3831,486,1739503,1738963.6169,486,1290.381,750.9979,486,623.9972,84.6141
487,490.4071,487,1772794,1772303.5929,487,1450.03,959.6229,487,682.3177,191.9106
488,655.5093,488,1821198,1820542.4907,488,1246.611,591.1017,488,634.016,-21.4933000000001
489,583.3107,489,1873988,1873404.6893,489,1382.765,799.4543,489,777.7616,194.4509
490,445.1717,490,1925094,1924648.8283,490,1509.388,1064.2163,490,814.3661,369.1944
491,425.5612,491,1998586,1998160.4388,491,1418.667,993.1058,491,927.5479,501.9867
492,394.7638,492,2098763,2098368.2362,492,1535.352,1140.5882,492,789.5561,394.7923
493,473.8861,493,2207974,2207500.1139,493,1388.712,914.8259,493,881.6812,407.7951
494,520.5432,494,2324381,2323860.4568,494,1151.906,631.3628,494,575.923,55.3798
495,533.6576,495,2441417,2440883.3424,495,833.8625,300.2049,495,767.1489,233.4913
496,457.5651,496,2557641,2557183.4349,496,937.4907,479.9256,496,915.1677,457.6026
497,492.8129,497,2680386,2679893.1871,497,907.2573,414.4444,497,896.0557,403.2428
498,550.7739,498,2804235,2803684.2261,498,910.4922,359.7183,498,663.1834,112.4095
499,508.5589,499,2940381,2939872.4411,499,858.926,350.3671,499,836.3211,327.7622
500,784.0045,500,3066796,3066011.9955,500,818.0941,34.0896,500,806.7308,22.7263
501,503.7166,501,3184254,3183750.2834,501,1007.477,503.7604,501,629.6526,125.936
502,588.2402,502,3335076,3334487.7598,502,934.2919,346.0517,502,888.1505,299.9103
503,602.018,503,3467156,3466553.982,503,775.6887,173.6707,503,845.1584,243.1404
504,522.9025,504,3606901,3606378.0975,504,813.4243,290.5218,504,1034.231,511.3285
505,575.579,505,3758035,3757459.421,505,928.002,352.423,505,904.5065,328.9275
506,558.0572,506,3902207,3901648.9428,506,854.9175,296.8603,506,926.1663,368.1091
507,657.4182,507,4040399,4039741.5818,507,968.2229,310.8047,507,1004.086,346.6678
508,481.2832,508,4170533,4170051.7168,508,926.5045,445.2213,508,950.5714,469.2882
509,702.1384,509,4286206,4285503.8616,509,932.1671,230.0287,509,1077.453,375.3146
510,718.568,510,4403624,4402905.432,510,986.5304,267.9624,510,1047.432,328.864
511,552.9189,511,4539170,4538617.0811,511,970.7128,417.7939,511,1105.888,552.9691
512,743.7326,512,4679072,4678328.2674,512,867.6968,123.9642,512,966.8699,223.1373
513,637.7093,513,4803273,4802635.2907,513,850.2936,212.5843,513,1287.99,650.2807
514,517.1269,514,4916142,4915624.8731,514,920.7676,403.6407,514,1273.974,756.8471
515,724.0667,515,5028754,5028029.9333,515,1041.666,317.5993,515,1346.576,622.5093
516,703.595,516,5088381,5087677.405,516,908.2917,204.6967,516,1151.378,447.783
517,554.4572,517,5198556,5198001.5428,517,954.2118,399.7546,517,1547.442,992.9848
518,597.8312,518,5332496,5331898.1688,518,987.7508,389.9196,518,1611.671,1013.8398
519,471.4466,519,5448144,5447672.5534,519,798.86,327.4134,519,1715.705,1244.2584
520,659.773,520,5548399,5547739.227,520,831.3248,171.5518,520,1530.774,871.001
521,704.955,521,5651287,5650582.045,521,1010.902,305.947,521,2155.003,1450.048
522,697.1483,522,5746390,5745692.8517,522,791.0007,93.8524000000001,522,1635.732,938.5837
523,527.1498,523,5845432,5844904.8502,523,1000.268,473.1182,523,2000.684,1473.5342
524,694.9819,524,5923868,5923173.0181,524,994.7999,299.818,524,2793.985,2099.0031
525,741.9028,525,5984641,5983899.0972,525,1016.702,274.7992,525,2047.297,1305.3942
526,554.0275,526,6066149,6065594.9725,526,1108.099,554.0715,526,1980.852,1426.8245
527,738.9651,527,6147651,6146912.0349,527,1045.728,306.7629,527,3318.986,2580.0209
528,771.9015,528,6208532,6207760.0985,528,814.0076,42.1061,528,3551.45,2779.5485
529,723.5433,529,6326429,6325705.4567,529,1007.306,283.7627,529,3263.623,2540.0797
530,903.4811,530,6421842,6420938.5189,530,1276.38,372.8989,530,3628.955,2725.4739
531,778.6824,531,6469538,6468759.3176,531,1139.212,360.5296,531,4254.939,3476.2566
532,753.9421,532,6522157,6521403.0579,532,1072.941,318.9989,532,5845.104,5091.1619
533,686.4171,533,6600376,6599689.5829,533,1212.227,525.8099,533,7729.57,7043.1529
534,867.9215,534,6674362,6673494.0785,534,1279.852,411.9305,534,8021.141,7153.2195
535,697.5911,535,6736610,6735912.4089,535,742.1204,44.5293,535,10916.65,10219.0589
536,793.6675,536,6803316,6802522.3325,536,913.4738,119.8063,536,13008.78,12215.1125
537,860.1981,537,6863182,6862321.8019,537,1222.416,362.2179,537,15362.5,14502.3019
538,532.252,538,6949624,6949091.748,538,1216.63,684.378,538,22173.21,21640.958
539,536.2468,539,7003007,7002470.7532,539,1087.854,551.6072,539,46193.32,45657.0732
540,663.7278,540,7061039,7060375.2722,540,1234.888,571.1602,540,183335,182671.2722
541,793.6481,541,7101792,7100998.3519,541,1198.284,404.6359,541,1200189,1199395.3519
542,705.9587,542,7140478,7139772.0413,542,1459.052,753.0933,542,1929536,1928830.0413
543,759.3036,543,7209220,7208460.6964,543,1107.342,348.0384,543,1655671,1654911.6964
544,925.1072,544,7300835,7299909.8928,544,1547.223,622.1158,544,1581419,1580493.8928
545,867.3696,545,7348525,7347657.6304,545,1060.131,192.7614,545,1921810,1920942.6304
546,566.1028,546,7385364,7384797.8972,546,1116.069,549.9662,546,1828999,1828432.8972
547,912.3023,547,7435512,7434599.6977,547,1287.027,374.7247,547,2097317,2096404.6977
548,721.9222,548,7465334,7464612.0778,548,1427.498,705.5758,548,1977764,1977042.0778
549,744.1895,549,7525153,7524408.8105,549,1554.605,810.4155,549,1753521,1752776.8105
550,766.7234,550,7579908,7579141.2766,550,1416.827,650.1036,550,1769959,1769192.2766
551,991.7502,551,7609176,7608184.2498,551,1311.152,319.4018,551,2058060,2057068.2498
552,762.7933,552,7683382,7682619.2067,552,1610.422,847.6287,552,2080564,2079801.2067
553,631.8675,553,7754212,7753580.1325,553,1110.069,478.2015,553,1781053,1780421.1325
554,774.2088,554,7802712,7801937.7912,554,1307.593,533.3842,554,2101262,2100487.7912
555,832.584,555,7854550,7853717.416,555,1543.813,711.229,555,1726767,1725934.416
556,786.9384,556,7888183,7887396.0616,556,1416.54,629.6016,556,1802477,1801690.0616
557,774.4312,557,7914510,7913735.5688,557,1742.566,968.1348,557,1394145,1393370.5688
558,956.5753,558,7916556,7915599.4247,558,1346.321,389.7457,558,379057.4,378100.8247
559,965.3417,559,7995533,7994567.6583,559,1751.994,786.6523,559,41765.77,40800.4283
560,685.5181,560,8024745,8024059.4819,560,1461.299,775.7809,560,25561.75,24876.2319
561,962.4356,561,8073101,8072138.5644,561,1253.002,290.5664,561,10519.69,9557.2544
562,822.523,562,8140859,8140036.477,562,1590.278,767.755,562,11210.96,10388.437
563,1031.563,563,8167040,8166008.437,563,1584.233,552.67,563,10210.19,9178.627
564,891.0507,564,8214884,8213992.9493,564,1577.961,686.9103,564,10066.42,9175.3693
565,580.1541,565,8250105,8249524.8459,565,1384.943,804.7889,565,7544.81,6964.6559
566,1018.837,566,8305029,8304010.163,566,1264.129,245.292,566,5284.053,4265.216
567,932.1629,567,8394621,8393688.8371,567,1502.92,570.7571,567,5822.759,4890.5961
568,786.4204,568,8430851,8430064.5796,568,1668.823,882.4026,568,4892.198,4105.7776
569,908.4869,569,8476640,8475731.5131,569,1604.407,695.9201,569,5065.421,4156.9341
570,1324.576,570,8520808,8519483.424,570,1519.382,194.806,570,4851.164,3526.588
571,1081.246,571,8569319,8568237.754,571,1887.343,806.097,571,4463.364,3382.118
572,932.5019,572,8566086,8565153.4981,572,1785.719,853.2171,572,3988.548,3056.0461
573,739.6821,573,8628449,8627709.3179,573,1739.339,999.6569,573,4318.917,3579.2349
574,946.7404,574,8710506,8709559.2596,574,1611.526,664.7856,574,3122.566,2175.8256
575,874.5057,575,8780067,8779192.4943,575,2013.51,1139.0043,575,3823.975,2949.4693
576,965.0524,576,8821127,8820161.9476,576,1724.839,759.7866,576,3121.348,2156.2956
577,765.4078,577,8873272,8872506.5922,577,1923.971,1158.5632,577,2730.904,1965.4962
578,1104.6,578,8883165,8882060.4,578,2146.782,1042.182,578,2105.093,1000.493
579,1007.437,579,8902782,8901774.563,579,2035.962,1028.525,579,2497.782,1490.345
580,1099.06,580,8943955,8942855.94,580,2155.956,1056.896,580,2113.678,1014.618
581,1259.28,581,8977750,8976490.72,581,2497.361,1238.081,581,1835.61,576.33
582,1034.552,582,9009707,9008672.448,582,2543.452,1508.9,582,1896.755,862.203
583,932.7502,583,8988595,8987662.2498,583,2234.396,1301.6458,583,1778.802,846.0518
584,873.2349,584,9033979,9033105.7651,584,2161.384,1288.1491,584,1812.04,938.8051
585,858.582,585,9143900,9143041.418,585,2994.32,2135.738,585,1607.144,748.562
586,1243.225,586,9179506,9178262.775,586,2442.181,1198.956,586,1665.065,421.84
587,1166.705,587,9215202,9214035.295,587,2625.257,1458.552,587,1727.664,560.959
588,1337.861,588,9277357,9276019.139,588,3129.48,1791.619,588,1564.632,226.771
589,1277.902,589,9297140,9295862.098,589,3628.703,2350.801,589,1779.974,502.072
590,872.6221,590,9281344,9280471.3779,590,3996.234,3123.6119,590,2319.484,1446.8619
591,925.2076,591,9330862,9329936.7924,591,4626.779,3701.5714,591,1781.091,855.8834
592,1584.249,592,9379220,9377635.751,592,4333.899,2749.65,592,2003.646,419.397
593,1222.993,593,9414030,9412807.007,593,6233.887,5010.894,593,2140.321,917.328
594,1020.924,594,9451390,9450369.076,594,8312.399,7291.475,594,1733.249,712.325
595,1363.058,595,9451454,9450090.942,595,18450.33,17087.272,595,1458.717,95.6590000000001
596,1372.817,596,9511001,9509628.183,596,59124.5,57751.683,596,1228.302,-144.515
597,1361.186,597,9589412,9588050.814,597,132971.2,131610.014,597,1701.506,340.32
598,1177.484,598,9594186,9593008.516,598,193263.6,192086.116,598,1668.135,490.651
599,964.4556,599,9614654,9613689.5444,599,216655.6,215691.1444,599,1904.254,939.7984
600,972.2585,600,9637605,9636632.7415,600,253798.3,252826.0415,600,1495.814,523.5555
601,1229.209,601,9650855,9649625.791,601,295283.8,294054.591,601,1655.697,426.488
602,1262.11,602,9630053,9628790.89,602,340742.8,339480.69,602,1741.745,479.635
603,1198.24,603,9643973,9642774.76,603,379109.6,377911.36,603,1402.207,203.967
604,1235.967,604,9673814,9672578.033,604,425329.6,424093.633,604,1622.23,386.263
605,1141.736,605,9701758,9700616.264,605,471415.4,470273.664,605,1842.396,700.66
606,1202.851,606,9696983,9695780.149,606,534600.1,533397.249,606,1385.903,183.052
607,1001.741,607,9659170,9658168.259,607,598429.3,597427.559,607,1476.276,474.535
608,1408.539,608,9644414,9643005.461,608,673612.4,672203.861,608,1594.584,186.045
609,1286.766,609,9690273,9688986.234,609,755640.7,754353.934,609,2010.626,723.86
610,946.4215,610,9798100,9797153.5785,610,836487.6,835541.1785,610,1622.477,676.0555
611,1311.714,611,9836886,9835574.286,611,919941.3,918629.586,611,1694.321,382.607
612,1242.761,612,9836466,9835223.239,612,1019367,1018124.239,612,1297.997,55.2360000000001
613,1309.187,613,9849214,9847904.813,613,1112495,1111185.813,613,1671.324,362.137
614,1517.133,614,9892869,9891351.867,614,1231835,1230317.867,614,1882.393,365.26
615,1393.177,615,9962616,9961222.823,615,1359422,1358028.823,615,1705.95,312.773
616,1266.065,616,9987772,9986505.935,616,1504708,1503441.935,616,1640.151,374.086
617,1737.888,617,9904008,9902270.112,617,1655082,1653344.112,617,1795.821,57.933
618,1807.652,618,9914875,9913067.348,618,1837600,1835792.348,618,1311.983,-495.669
619,1855.37,619,9981268,9979412.63,619,2044300,2042444.63,619,2032.084,176.714
620,1517.13,620,9933497,9931979.87,620,2259464,2257946.87,620,1814.625,297.495
621,1409.972,621,9941983,9940573.028,621,2496392,2494982.028,621,1709.984,300.012
622,1875.724,622,9948675,9946799.276,622,2784865,2782989.276,622,1361.389,-514.335
623,1378.529,623,9994895,9993516.471,623,3086377,3084998.471,623,1746.158,367.629
624,1240.831,624,1.00E+07,10005949.169,624,3404590,3403349.169,624,2264.591,1023.76
625,1687.192,625,9948130,9946442.808,625,3733151,3731463.808,625,1843.422,156.23
626,1730.765,626,9919757,9918026.235,626,4083608,4081877.235,626,1825.176,94.4109999999998
627,1496.228,627,9948611,9947114.772,627,4438112,4436615.772,627,1814.592,318.364
628,1352.658,628,9941709,9940356.342,628,4877177,4875824.342,628,1771.361,418.703
629,1593.97,629,9913886,9912292.03,629,5259131,5257537.03,629,2049.418,455.448
630,1544.283,630,9886429,9884884.717,630,5667495,5665950.717,630,1544.283,0
631,1996.656,631,9887025,9885028.344,631,5996342,5994345.344,631,1996.656,0
632,2055.996,632,9891249,9889193.004,632,6396619,6394563.004,632,2190.824,134.828
633,1629.582,633,9866348,9864718.418,633,6672611,6670981.418,633,1867.243,237.661
634,1675.611,634,9784450,9782774.389,634,7017757,7016081.389,634,2188.586,512.975
635,1767.934,635,9811572,9809804.066,635,7323803,7322035.066,635,2322.617,554.683
636,1757.165,636,9794073,9792315.835,636,7334128,7332370.835,636,1827.455,70.29
637,1847.555,637,9730169,9728321.445,637,6733960,6732112.445,637,2096.28,248.725
638,1580.538,638,9589259,9587678.462,638,5191078,5189497.462,638,1472.769,-107.769
639,1927.507,639,9487047,9485119.493,639,3443421,3441493.493,639,1745.658,-181.849
640,1362.381,640,9278676,9277313.619,640,1948185,1946822.619,640,1730.609,368.228
641,1597.521,641,8944837,8943239.479,641,1093420,1091822.479,641,2080.52,482.999
642,1836.777,642,8351416,8349579.223,642,589763.1,587926.323,642,2474.068,637.291
643,1635.965,643,7671633,7669997.035,643,356676.5,355040.535,643,2473.025,837.06
644,2124.041,644,6817437,6815312.959,644,214545.4,212421.359,644,2355.769,231.728
645,2027.315,645,6039853,6037825.685,645,146272.6,144245.285,645,2924.079,896.764
646,2518.988,646,5417816,5415297.012,646,97491.43,94972.442,646,2282.819,-236.169
647,1747.323,647,5128088,5126340.677,647,71049.27,69301.947,647,2501.896,754.573
648,1923.308,648,5060373,5058449.692,648,54565.36,52642.052,648,1963.379,40.0709999999999
649,1785.135,649,5136633,5134847.865,649,45041.51,43256.375,649,2515.463,730.328
650,1807.617,650,5209475,5207667.383,650,36223.75,34416.133,650,3122.348,1314.731
651,2291.202,651,5220924,5218632.798,651,30973.38,28682.178,651,2124.561,-166.641
652,2407.985,652,5155839,5153431.015,652,27518.07,25110.085,652,2112.252,-295.733
653,2697.364,653,5060689,5057991.636,653,21417.01,18719.646,653,2226.371,-470.993
654,2430.144,654,4930791,4928360.856,654,19665.94,17235.796,654,2516.94,86.7960000000003
655,2109.778,655,4766673,4764563.222,655,17279.77,15169.992,655,2329.558,219.78
656,1602.78,656,4607325,4605722.22,656,18127.04,16524.26,656,2404.213,801.433
657,1800.069,657,4423635,4421834.931,657,15350.21,13550.141,657,2700.158,900.089
658,2501.89,658,4333839,4331337.11,658,12830.78,10328.89,658,2774.84,272.95
659,2257.567,659,4193008,4190750.433,659,12165.83,9908.263,659,2626.17,368.603
660,2240.04,660,4051630,4049389.96,660,10268.62,8028.58,660,2520.061,280.021
661,2598.167,661,3869077,3866478.833,661,9496.506,6898.339,661,2125.751,-472.416
662,2008.443,662,3655121,3653112.557,662,9469.853,7461.41,662,2486.669,478.226
663,1842.193,663,3323568,3321725.807,663,7757.551,5915.358,663,3005.756,1163.563
664,2113.503,664,2797919,2795805.497,664,7520.968,5407.465,664,3735.618,1622.115
665,2140.497,665,2044795,2042654.503,665,5476.058,3335.561,665,2488.968,348.471
666,2218.396,666,1486807,1484588.604,666,6403.628,4185.232,666,3428.512,1210.116
667,2759.679,667,1357447,1354687.321,667,4855.189,2095.51,667,3424.09,664.411
668,2175.801,668,1169826,1167650.199,668,5491.658,3315.857,668,3833.676,1657.875
669,2720.549,669,763704.5,760983.951,669,5075.099,2354.55,669,3296.086,575.537
670,2747.545,670,591721.8,588974.255,670,5759.606,3012.061,670,4015.74,1268.195
671,2359.334,671,499527.1,497167.766,671,5201.535,2842.201,671,3914.463,1555.129
672,2340.195,672,436398.3,434058.105,672,5442.625,3102.43,672,3918.58,1578.385
673,3093.311,673,398562.8,395469.489,673,5524.012,2430.701,673,3203.792,110.481
674,2635.276,674,368416.1,365780.824,674,4934.336,2299.06,674,2971.712,336.436
675,1818.898,675,331304.1,329485.202,675,6025.544,4206.646,675,3467.374,1648.476
676,2305.14,676,308097.5,305792.36,676,4552.83,2247.69,676,2996.718,691.578
677,3203.523,677,268686,265482.477,677,5533.579,2330.056,677,3669.519,465.996
678,2708.043,678,232620.5,229912.457,678,5946.249,3238.206,678,4179.911,1471.868
679,3220.943,679,183371.1,180150.157,679,4592.931,1371.988,679,4115.711,894.768
680,3384.553,680,111830.2,108445.647,680,5379.2,1994.647,680,4714.303,1329.75
681,3614.132,681,87778.52,84164.388,681,5023.147,1409.015,681,3185.315,-428.817
682,3228.709,682,80943.14,77714.431,682,5464.167,2235.458,682,2669.87,-558.839
683,2582.013,683,79762.21,77180.197,683,5038.27,2456.257,683,4723.354,2141.341
684,3385.759,684,78923.95,75538.191,684,5941.287,2555.528,684,3641.303,255.544
685,3491.577,685,79105.52,75613.943,685,5237.507,1745.93,685,2780.299,-711.278
686,3468.79,686,77382.44,73913.65,686,5497.875,2029.085,686,3796.053,327.263
687,3990.235,687,78629.32,74639.085,687,4854.85,864.615,687,3724.205,-266.03
688,3919.983,688,76725.02,72805.037,688,5947.739,2027.756,688,4257.934,337.951
689,3068.298,689,77815.46,74747.162,689,5318.559,2250.261,689,3545.614,477.316
690,3921.14,690,82437.95,78516.81,690,5503.48,1582.34,690,4265.12,343.98
691,3621.052,691,77447.23,73826.178,691,4665.657,1044.605,691,3829.971,208.919
692,3524.743,692,79816,76291.257,692,4934.739,1409.996,692,4018.235,493.492
693,3572.045,693,83751.23,80179.185,693,5358.202,1786.157,693,3929.269,357.224
694,3475.463,694,79875.05,76399.587,694,5140.907,1665.444,694,3113.42,-362.043
695,4395.704,695,80598.41,76202.706,695,5787.786,1392.082,695,4249.171,-146.532999999999
696,3780.687,696,80515.55,76734.863,696,6153.079,2372.392,696,4373.771,593.084
697,3757.521,697,78761.05,75003.529,697,4809.694,1052.173,697,4358.759,601.238
698,2895.254,698,82830.15,79934.896,698,5638.329,2743.075,698,3200.03,304.776
699,3537.195,699,85753.25,82216.055,699,5767.333,2230.138,699,4383.094,845.899
700,3569.948,700,83591.88,80021.932,700,6441.667,2871.719,700,5355.045,1785.097
701,4338.309,701,84090.4,79752.091,701,5363.797,1025.488,701,3865.016,-473.293
702,4410.069,702,84356.47,79946.401,702,7056.344,2646.275,702,4811.009,400.94
703,4536.329,703,82786.91,78250.581,703,6804.684,2268.355,703,4374.308,-162.021
704,4010.161,704,80769.96,76759.799,704,6629.253,2619.092,704,4255.693,245.532
705,3479.258,705,88314.43,84835.172,705,7041.659,3562.401,705,4804.767,1325.509
706,3605.934,706,84191.38,80585.446,706,6373.49,2767.556,706,4612.297,1006.363
707,3481.508,707,86612.94,83131.432,707,6029.133,2547.625,707,3821.182,339.674
708,4643.639,708,88487.34,83843.701,708,6363.632,1719.993,708,4729.637,85.9979999999996
709,4609.23,709,91754.69,87145.46,709,6000.792,1391.562,709,4957.117,347.887000000001
710,5365.399,710,89097.62,83732.221,710,5805.215,439.816,710,4925.588,-439.811000000001
711,4003.2,711,87708.09,83704.89,711,6761.17,2757.97,711,4981.815,978.615
712,4319.087,712,85919.73,81600.643,712,7198.709,2879.622,712,6208.818,1889.731
713,4002.416,713,82575.64,78573.224,713,6640.565,2638.149,713,6003.756,2001.34
714,4138.326,714,87351.7,83213.374,714,6621.501,2483.175,714,4138.326,0
715,4273.934,715,92348.72,88074.786,715,5481.856,1207.922,715,4552.683,278.749
716,4224.34,716,89543.48,85319.14,716,7510.2,3285.86,716,6946.894,2722.554
717,5033.889,717,102397.3,97363.411,717,6078.725,1044.836,717,5128.873,94.9839999999995
718,5189.536,718,96963.88,91774.344,718,7592.289,2402.753,718,5670.077,480.541
719,5832.31,719,92524.59,86692.28,719,6804.43,972.12,719,6318.367,486.057
720,5899.634,720,99700.54,93800.906,720,8259.687,2360.053,720,6686.306,786.672
721,4076.223,721,105094.3,101018.077,721,5766.462,1690.239,721,7158.468,3082.245
722,5629.921,722,102442.5,96812.579,722,8042.937,2413.016,722,4825.607,-804.314
723,4559.155,723,106182.8,101623.645,723,9118.721,4559.566,723,4660.475,101.320000000001
724,5819.994,724,98518.77,92698.776,724,7249.567,1429.573,724,4798.894,-1021.1
725,5383.493,725,106531.5,101148.007,725,8386.069,3002.576,725,5694.096,310.602999999999
726,5039.313,726,104244.3,99204.987,726,7979.137,2939.824,726,6404.211,1364.898
727,5094.708,727,103050.6,97955.892,727,7642.247,2547.539,727,7323.797,2229.089
728,4399.809,728,102792.2,98392.391,728,7941.38,3541.571,728,4829.078,429.269
729,5084.824,729,108616.2,103531.376,729,9845.519,4760.695,729,4219.289,-865.535
730,5998.997,730,109613,103614.003,730,8507.864,2508.867,730,7198.875,1199.878
731,6284.836,731,106277,99992.164,731,6836.171,551.335,731,3417.98,-2866.856
732,5461.905,732,108223.1,102761.195,732,7134.024,1672.119,732,5461.905,0
733,5406.819,733,111282.3,105875.481,733,8898.999,3492.18,733,6533.306,1126.487
734,4894.929,734,112690,107795.071,734,7741.012,2846.083,734,4667.249,-227.68
735,5866.285,735,115941.3,110075.015,735,7821.846,1955.561,735,7591.777,1725.492
736,4881.725,736,112965.8,108084.075,736,8368.923,3487.198,736,7671.466,2789.741
737,5158.054,737,114756.7,109598.646,737,6799.348,1641.294,737,7151.06,1993.006
738,3783.545,738,114914.9,111131.355,738,9104.565,5321.02,738,7567.333,3783.788
739,5241.452,739,115896,110654.548,739,8219.755,2978.303,739,6313.624,1072.172
740,7081.283,740,111236.6,104155.317,740,10682.26,3600.977,740,6721.198,-360.085
741,6568.878,741,112376.9,105808.022,741,7055.49,486.612,741,7055.49,486.612
742,5795.435,742,117988.9,112193.465,742,8385.061,2589.626,742,7398.523,1603.088
743,4968.279,743,115366.6,110398.321,743,6086.196,1117.917,743,5216.703,248.424
744,5880.509,744,115835.2,109954.691,744,8758.407,2877.898,744,6881.502,1000.993
745,5675.565,745,119673.4,113997.835,745,7315.268,1639.703,745,6558.477,882.912
746,5721.377,746,115162.3,109440.923,746,7374.315,1652.938,746,7374.315,1652.938
747,6540.472,747,116546,110005.528,747,9490.314,2949.842,747,9105.545,2565.073
748,5950.527,748,117948.4,111997.873,748,8537.884,2587.357,748,7891.035,1940.508
749,7832.509,749,119024.9,111192.391,749,9921.338,2088.829,749,8746.363,913.853999999999
750,5928.146,750,117740.7,111812.554,750,10275.79,4347.644,750,7113.84,1185.694
751,4801.973,751,122291.2,117489.227,751,8537.079,3735.106,751,8670.48,3868.507
752,7024.075,752,126545.3,119521.225,752,12022.42,4998.345,752,7024.075,0
753,6389.981,753,124781.2,118391.219,753,11012.9,4622.919,753,8293.496,1903.515
754,5884.229,754,118877.4,112993.171,754,9168.671,3284.442,754,6979.025,1094.796
755,6071.006,755,126774.1,120703.094,755,9658.669,3587.663,755,7450.854,1379.848
756,5147.63,756,127132.7,121985.07,756,12243.64,7096.01,756,8347.7,3200.07
757,6347.206,757,118716.8,112369.594,757,10578.99,4231.784,757,8180.949,1833.743
758,7723.065,758,127394.1,119671.035,758,9725.478,2002.413,758,10583.67,2860.605
759,6490.672,759,120244.3,113753.628,759,11395.12,4904.448,759,9087.104,2596.432
760,6837.192,760,132494,125656.808,760,10474.26,3637.068,760,6546.234,-290.958
761,5718.351,761,132516.3,126797.949,761,12170.36,6452.009,761,6598.137,879.786
762,7980.839,762,127945,119964.161,762,10789.12,2808.281,762,7389.637,-591.202
763,8802.296,763,134534.8,125732.504,763,11338.74,2536.444,763,7907.1,-895.196
764,6927.919,764,126308.7,119380.781,764,12350.21,5422.291,764,8735.307,1807.388
765,6518.363,765,127892.6,121374.237,765,11066.39,4548.027,765,8489.142,1970.779
766,6561.021,766,133773.2,127212.179,766,10375.83,3814.809,766,7781.738,1220.717
767,9129.845,767,135510.9,126381.055,767,12379.71,3249.865,767,10367.87,1238.025
768,7690.698,768,125028,117337.302,768,11457.85,3767.152,768,8475.506,784.807999999999
769,6790.623,769,137663.6,130872.977,769,13581.83,6791.207,769,10265.12,3474.497
770,10010.79,770,139629.2,129618.41,770,12871.24,2860.45,770,9375.142,-635.648000000001
771,9608.416,771,135104.1,125495.684,771,14733.38,5124.964,771,7526.495,-2081.921
772,6939.81,772,144083.1,137143.29,772,12750.34,5810.53,772,7101.208,161.397999999999
773,7863.673,773,147897.9,140034.227,773,14581.16,6717.487,773,7699.839,-163.834
774,7484.676,774,147489,140004.324,774,16134.48,8649.804,774,7484.676,0
775,7221.071,775,149249.7,142028.629,775,13938.9,6717.829,775,9068.422,1847.351
776,8986.943,776,150529.7,141542.757,776,13226.4,4239.457,776,8817.37,-169.572999999999
777,7551.026,777,146505.5,138954.474,777,12528.2,4977.174,777,8580.763,1029.737
778,6948.251,778,149858,142909.749,778,15113.16,8164.909,778,8685.4,1737.149
779,6683.415,779,148033.4,141349.985,779,13543.24,6859.825,779,8794.073,2110.658
780,8726.969,780,151686,142959.031,780,14961.04,6234.071,780,10686.2,1959.231
781,9581.953,781,153795.5,144213.547,781,17718.37,8136.417,781,10666.77,1084.817
782,10095.48,782,152284.3,142188.82,782,15786.14,5690.66,782,12114.7,2019.22
783,10170.43,783,158230.5,148060.07,783,14423.85,4253.42,783,11464.92,1294.49
784,8383.187,784,163515.1,155131.913,784,14717.65,6334.463,784,9873.61,1490.423
785,10000.58,785,146041.7,136041.12,785,12593.5,2592.92,785,10185.79,185.210000000001
786,9757.853,786,147029.7,137271.847,786,11414.95,1657.097,786,12335.57,2577.717
787,7814.783,787,146047.6,138232.817,787,13449.11,5634.327,787,7814.783,0
788,8433.387,788,147788.7,139355.313,788,9868.936,1435.549,788,8612.829,179.441999999999
789,6763.143,789,150334.2,143571.057,789,11034.87,4271.727,789,9076.967,2313.824
790,8474.391,790,152310,143835.609,790,12888.46,4414.069,790,9886.868,1412.477
791,7888.015,791,150696.1,142808.085,791,14374.25,6486.235,791,8589.206,701.191
792,8180.327,792,147189.3,139008.973,792,10791.23,2610.903,792,8876.561,696.234
793,11121.44,793,141905.1,130783.66,793,12164.14,1042.7,793,11816.57,695.129999999999
794,9021.533,794,132120.4,123098.867,794,11971.08,2949.547,794,11103.56,2082.027
795,8504.824,795,145043.2,136538.376,795,10934.93,2430.106,795,8504.824,0
796,7119.313,796,153628.9,146509.587,796,14412.87,7293.557,796,10418.71,3299.397
797,9421.313,797,144746.8,135325.487,797,10642.67,1221.357,797,8723.402,-697.911
798,7187.076,798,138410.9,131223.824,798,11569.73,4382.654,798,8589.5,1402.424
799,8437.301,799,152347.6,143910.299,799,10546.75,2109.449,799,9667.808,1230.507
800,11104.41,800,155765.8,144661.39,800,13219.69,2115.28,800,10928.14,-176.27
