,405,,480,,0,,650,,550
300,1047.504,300,1047.504,250,6697.6363,250,121.955,250,-13.5498
301,1059.502,301,961.3851,251,6693.63577,251,180.28007,251,35.11727
302,1065.729,302,888.0833,252,7224.2102,252,128.5838,252,-2.426
303,1025.28,303,939.2769,253,7490.4179,253,158.9155,253,35.8824
304,1184.654,304,1038.213,254,8063.9031,254,132.5623,254,70.3375
305,1190.005,305,904.0986,255,8247.6227,255,160.4759,255,85.967
306,1216.502,306,997.0995,256,9022.1661,256,172.8812,256,81.8887
307,1348.986,307,1075.138,257,9454.5437,257,209.137,257,117.24
308,1403.004,308,919.606,258,9772.7699,258,168.7495,258,56.2479
309,1528.829,309,964.7809,259,10167.2449,259,240.6429,259,182.198
310,1554.644,310,1066.162,260,10337.4814,260,217.8048,260,35.7039
311,1649.064,311,993.4838,261,10638.2456,261,108.906,261,54.4522
312,1821.386,312,1073.324,262,10742.8192,262,295.517,262,84.9563
313,1876.93,313,1007.343,263,11142.9223,263,272.5406,263,-23.3589
314,1872.123,314,1094.242,264,12026.2274,264,254.2714,264,49.2113
315,1933.098,315,1032.237,265,11836.7942,265,259.7371,265,127.803
316,1737.357,316,1137.208,266,12076.4017,266,286.4217,266,128.6773
317,1545.167,317,1036.996,267,11750.9456,267,213.9342,267,94.1284
318,1598.438,318,1091.028,268,12807.8606,268,335.169,268,123.4774
319,1348.571,319,831.4409,269,12722.6717,269,355.8167,269,130.6097
320,1384.631,320,998.0042,270,13163.9294,270,170.2391,270,128.8285
321,1277.005,321,1107.652,271,13145.4864,271,415.4443,271,160.5039
322,1239.975,322,1112.415,272,13454.9396,272,164.6985,272,33.9076
323,1278.83,323,916.4482,273,13338.9729,273,336.3643,273,116.991
324,1311.45,324,962.1579,274,13346.2356,274,338.9135,274,103.1426
325,1241.772,325,1184.996,275,14009.388,275,304.8362,275,127.0106
326,1216.215,326,1053.557,276,13911.6245,276,357.2715,276,210.1538
327,1148.118,327,935.4755,277,14318.4123,277,292.7472,277,101.1272
328,1378.793,328,1158.434,278,14738.2976,278,194.2552,278,53.9584
329,1115.709,329,1029.873,279,14905.1155,279,404.7311,279,164.073
330,1187.921,330,1043.91,280,15095.2032,280,288.452,280,155.3166
331,1242.47,331,1156.274,281,15555.2729,281,340.0236,281,183.942
332,1218.824,332,1147.117,282,15485.7414,282,319.6457,282,89.7214
333,1155.952,333,1012.335,283,15221.3069,283,334.843,283,79.4507
334,1302.108,334,1021.504,284,15853.2651,284,287.3574,284,218.389
335,1351.485,335,1107.03,285,15310.5193,285,409.7675,285,40.3971
336,1394.458,336,1035.01,286,15287.4146,286,319.1181,286,92.8307
337,1481.047,337,1223.429,287,15678.1768,287,188.1843,287,99.9714
338,1660.745,338,1247.268,288,15820.0618,288,298.166,288,77.5203
339,1694.383,339,1108.05,289,16479.1072,289,407.2432,289,194.4974
340,1535.122,340,1154.867,290,16313.2423,290,390.3647,290,223.0596
341,1637.481,341,1086.803,291,15954.2114,291,359.1506,291,260.0705
342,1797.448,342,1062.667,292,15647.4105,292,396.5754,292,173.4955
343,1819.651,343,1241.544,293,15984.1317,293,431.6072,293,143.8624
344,1835.606,344,1056.965,294,15992.109,294,353.8,294,157.9415
345,2002.542,345,1137.02,295,16571.625,295,392.3498,295,234.1384
346,2349.994,346,1024.351,296,16144.4568,296,247.4622,296,95.1755
347,2159.442,347,1054.449,297,16176.9663,297,307.3701,297,96.05
348,2544.32,348,948.5189,298,16723.677,298,349.1454,298,155.1711
349,2731.554,349,1251.107,299,16169.6043,299,337.1258,299,45.3803
350,2569.996,350,1174.422,300,16037.5191,300,253.7406,300,208.1959
351,2804.764,351,1246.288,301,16791.1185,301,379.3225,301,117.7161
352,3088.698,352,1212.591,302,16889.8407,302,539.4493,302,171.0353
353,3214.006,353,1129.479,303,16324.6878,303,423.3437,303,152.1329
354,3515.089,354,1383.251,304,16330.9944,304,319.4463,304,73.2038
355,3083.055,355,1256.5,305,16392.9942,305,398.8687,305,179.485
356,3328.465,356,1325.477,306,17067.089,306,232.6583,306,19.9415
357,3434.302,357,1424.234,307,16950.4758,307,253.756,307,-13.355
358,3568.848,358,1475.131,308,16559.5921,308,416.1841,308,107.3974
359,4051.087,359,1566.49,309,16351.4975,309,373.6861,309,156.2637
360,4006.867,360,1562.596,310,16622.9171,310,398.9459,310,185.7104
361,3808.416,361,1584.054,311,17124.1239,311,331.1633,311,137.9808
362,3911.74,362,1619.74,312,16567.2417,312,512.416,312,200.8026
363,3782.578,363,1554.625,313,16757.449,313,386.378,313,158.6857
364,4266.652,364,1482.854,314,16866.4731,314,412.913,314,220.2141
365,4581.213,365,1614.595,315,16387.3708,315,408.7406,315,214.756
366,4821.728,366,1590.681,316,16558.8525,316,390.6883,316,195.3387
367,4891.604,367,1445.123,317,16470.1423,317,306.2286,317,83.5142
368,5010.454,368,1422.13,318,16500.7299,318,305.7588,318,208.469
369,5442.792,369,1376.75,319,16801.3562,319,286.4651,319,230.5676
370,5755.844,370,1507.34,320,17182.8639,320,337.3528,320,267.0683
371,6350.692,371,1347.764,321,16674.9804,321,98.771,321,-91.7135
372,6779.396,372,1269.257,322,16959.3455,322,290.494,322,297.5795
373,7182.817,373,1275.979,323,16919.3737,323,262.8584,323,163.3962
374,8063.754,374,1229.497,324,17166.8631,324,391.9926,324,199.5545
375,8734.1,375,1013.333,325,16791.5734,325,262.5341,325,205.7683
376,9647.902,376,925.3165,326,17080.8459,326,431.3203,326,219.189
377,11337.81,377,1040.728,327,17326.749,327,283.4791,327,92.1282
378,13224.66,378,1170.133,328,16975.0339,328,334.0164,328,348.2305
379,14770.2,379,1038.971,329,17823.1503,329,328.9872,329,78.6681
380,17581.84,380,1056.049,330,17384.6408,330,259.1784,330,79.1914
381,20899.86,381,1089.702,331,17262.8111,331,165.1797,331,-107.7217
382,24747.06,382,1197.223,332,18111.9826,332,272.4387,332,93.2004
383,30519.92,383,1142.738,333,18007.7048,333,358.9829,333,107.6911
384,36646.72,384,1142.065,334,19294.0053,334,374.0763,334,93.5154
385,44871.69,385,1135.861,335,19069.8505,335,395.3596,335,244.399
386,57143.84,386,1196.746,336,18251.4442,336,438.4456,336,129.3718
387,80811.54,387,1223.115,337,18433.3974,337,300.4839,337,78.6958
388,120468.6,388,1229.69,338,18692.2022,338,306.4581,338,121.1547
389,174738.7,389,1068.971,339,19935.1604,339,257.3512,339,178.7141
390,251848.9,390,1135.714,340,20089.3854,340,272.5711,340,272.5711
391,347836.4,391,1134.478,341,19528.9661,341,142.9964,341,150.1464
392,467281.1,392,1286.915,342,18805.4382,342,278.1406,342,178.2928
393,610965.1,393,1230.156,343,20018.8666,343,435.2412,343,235.4517
394,775140.9,394,1153.103,344,19635.6526,344,357.0886,344,49.9902
395,951269.7,395,1247.226,345,19574.6473,345,221.6756,345,193.0715
396,1155185,396,1402.028,346,19817.5198,346,393.9881,346,114.6103
397,1355115,397,1327.47,347,19635.237,347,329.9612,347,229.535
398,1564051,398,1347.105,348,19634.2942,348,273.0628,348,201.2021
399,1755796,399,1352.892,349,18519.412,349,486.1256,349,257.3524
400,1927663,400,1251.813,350,18574.5528,350,455.5319,350,64.0557
401,2066329,401,1472.241,351,18144.6143,351,261.9945,351,177.0211
402,2179003,402,1445.223,352,16513.1657,352,246.7389,352,162.1408
403,2245541,403,1466.559,353,17242.949,353,385.8429,353,-14.0299
404,2280580,404,1616.68,354,16594.6036,354,468.0488,354,139.7095
405,2257045,405,1956.903,355,16601.5982,355,333.1985,355,208.2453
406,2186185,406,1999.785,356,16551.5351,356,207.0954,356,124.2557
407,2110993,407,1808.43,357,16571.3836,357,282.0726,357,206.3923
408,1988768,408,1916.191,358,15822.0816,358,281.2855,358,137.2095
409,1834125,409,1969.182,359,16103.9286,359,424.0774,359,198.3522
410,1643333,410,1741.409,360,15570.6683,360,259.2708,360,150.1018
411,1430104,411,2094.199,361,16380.7467,361,346.6932,361,237.9229
412,1168389,412,2186.882,362,16472.3877,362,304.945,362,54.2104
413,870698,413,2179.551,363,15968.663,363,278.3144,363,135.7603
414,622793.2,414,2372.956,364,16082.2217,364,306.072,364,47.6094
415,452597.8,415,2432.815,365,15760.0248,365,162.8007,365,108.5329
416,346750.5,416,2688.849,366,16064.1741,366,270.7221,366,230.1124
417,281393.7,417,2804.088,367,15952.5333,367,168.8088,367,189.0664
418,238906,418,2821.842,368,16145.2957,368,134.7866,368,215.6611
419,206120.5,419,2925.17,369,16064.6393,369,296.9242,369,134.9623
420,176563.4,420,3283.714,370,15397.3783,370,209.5238,370,67.5869
421,150584.6,421,3281.162,371,15482.1182,371,209.9363,371,162.5302
422,128390.7,422,3278.459,372,16191.343,372,217.187,372,244.3364
423,108663.1,423,3530.997,373,16036.7309,373,310.5373,373,249.7778
424,94223.91,424,3713.221,374,15561.4883,374,262.0156,374,73.8998
425,83461.23,425,3852.126,375,16244.8558,375,208.0285,375,248.2936
426,74345.88,426,4050.245,376,15557.5729,376,308.4333,376,201.1489
427,65617.31,427,4329.099,377,15801.6526,377,174.569,377,167.8547
428,57024.16,428,4332.498,378,16305.8165,378,235.3624,378,174.839
429,52014.06,429,4664.125,379,15445.4416,379,67.0293,379,-6.7029
430,46091.45,430,5207.502,380,15481.0873,380,253.9779,380,113.6193
431,40218.08,431,5393.416,381,15752.977,381,314.1991,381,200.5492
432,35253.64,432,5536.014,382,15343.5325,382,200.6401,382,127.0707
433,30650.32,433,6212.164,383,16196.6353,383,347.4897,383,200.4704
434,27409.21,434,7074.937,384,15543.095,384,240.4267,384,146.9254
435,23618.55,435,7543.118,385,16019.6666,385,167.0329,385,133.6256
436,20098.22,436,8252.118,386,15794.4405,386,127.0225,386,106.966
437,18393.16,437,8433.921,387,16259.6609,387,167.0846,387,80.1995
438,16457.52,438,10176.38,388,16204.0574,388,200.4793,388,147.017
439,15405.57,439,10989.96,389,16978.0618,389,367.4459,389,113.5699
440,14117.99,440,16676.23,390,17232.2977,390,280.5763,390,86.8425
441,12668.56,441,32659.59,391,17609.6982,391,100.0964,391,93.4232
442,11814.76,442,64631.67,392,17755.4337,392,340.0472,392,140.0152
443,10133.86,443,108804.1,393,21184.9185,393,213.927,393,274.0963
444,9711.336,444,174147.7,394,27644.965,394,207.8149,394,160.8878
445,9376.993,445,248810.5,395,30450.2986,395,301.7297,395,174.3294
446,7952.907,446,331132.4,396,35338.982,396,335.3863,396,93.9048
447,7643.033,447,404875.5,397,41327.3111,397,214.5252,397,187.7088
448,7264.417,448,477962.3,398,48409.5665,398,281.4652,398,167.536
449,6846.579,449,545374.9,399,57105.0371,399,308.0634,399,180.8164
450,6356.038,450,622084.7,400,68781.575,400,401.6338,400,207.5048
451,5929.639,451,695479.6,401,81485.969,401,234.1994,401,133.8262
452,5841.713,452,790107.8,402,93855.9628,402,153.8767,402,93.6632
453,5166.349,453,875877.4,403,116815.0836,403,127.8077,403,215.2579
454,5235.675,454,986491.8,404,142164.9098,404,216.4356,404,162.3254
455,4322.601,455,1083050,405,167400.0046,405,494.23,405,182.789
456,4913.426,456,1213325,406,214531.3467,406,298.2256,406,60.9986
457,4433.61,457,1339442,407,277740.8198,407,360.2791,407,122.3547
458,4468.656,458,1464304,408,343354.3196,408,313.64,408,129.5435
459,4545.663,459,1585603,409,417935.9343,409,287.1252,409,218.7598
460,4456.442,460,1715299,410,497651.018,410,274.207,410,157.6664
461,4653.726,461,1842012,411,590180.8762,411,199.0856,411,151.0294
462,4273.482,462,1970327,412,706346.7116,412,89.3844,412,206.2753
463,4464.583,463,2082889,413,823521.1427,413,144.8165,413,6.8959
464,4151.144,464,2186862,414,950599.9562,414,89.9167,414,228.2548
465,4144.145,465,2287228,415,1071609.897,415,403.0642,415,83.3887
466,4182.455,466,2376192,416,1221703.988,416,104.7328,416,111.7151
467,4084.913,467,2436253,417,1374188.42,417,286.6237,417,265.6504
468,3873.601,468,2488826,418,1553913.019,418,154.0065,418,21.0005
469,3930.527,469,2512052,419,1703910.516,419,246.0393,419,393.6712
470,3649.056,470,2509840,420,1854311.414,420,190.6005,420,472.9905
471,3803.246,471,2501732,421,2000274.235,421,383.3851,421,567.9927
472,3481.107,472,2487309,422,2161686.275,422,271.3271,422,406.9985
473,3422.877,473,2413738,423,2300594.436,423,322.18,423,622.9076
474,3344.44,474,2337011,424,2455458.205,424,337.4326,424,588.7327
475,3033.38,475,2255751,425,2581798.489,425,288.435,425,317.2798
476,3178.916,476,2155963,426,2707024.697,426,115.8781,426,506.9939
477,3300.53,477,2043665,427,2818396.586,427,189.079,427,327.2583
478,3074.068,478,1928351,428,2933178.5,428,226.3825,428,525.8132
479,3295.229,479,1806154,429,3054179.087,429,88.2336,429,455.8961
480,3255.953,480,1671147,430,3159981.701,430,347.9525,430,451.6043
481,3465.801,481,1512526,431,3250871.726,431,379.1803,431,386.6156
482,3072.187,482,1335585,432,3350331.309,432,253.8614,432,97.0626
483,3360.105,483,1092820,433,3432882.156,433,247.4131,433,142.4479
484,3202.658,484,838094.8,434,3521205.249,434,301.1378,434,-7.5281
485,3240.973,485,544064.1,435,3604048.121,435,219.4389,435,121.0682
486,3237.124,486,313970.5,436,3683667.837,436,372.66,436,296.604
487,3284.456,487,166599.6,437,3765223.001,437,290.8062,437,99.4838
488,3729.948,488,100391.5,438,3855238.921,438,292.6118,438,69.3008
489,3706.174,489,52959.16,439,3939511.145,439,162.4331,439,-15.4695
490,3812.286,490,41722.04,440,4012912.164,440,240.8573,440,178.6991
491,3995.035,491,37522.11,441,4081047.061,441,305.0985,441,62.5824
492,4398.836,492,34098.14,442,4148305.228,442,409.5661,442,141.768
493,4641.43,493,32206.61,443,4180216.134,443,261.367,443,253.4466
494,4642.314,494,27912.45,444,4200891.878,444,342.4794,444,230.9713
495,4237.319,495,25695.87,445,4216539.918,445,168.4185,445,-96.236
496,4756.044,496,23854.49,446,4225621.116,446,185.7317,446,145.3546
497,4347.209,497,22084.7,447,4199178.25,447,275.9334,447,186.6588
498,4407.704,498,20482.36,448,4165348.009,448,236.5231,448,65.2464
499,3922.739,499,18405.04,449,4123568.215,449,139.6249,449,188.9054
500,4171.238,500,17033.83,450,4047022.575,450,215.0384,450,231.5803
501,3767.5,501,15853.97,451,3929921.009,451,141.2942,451,108.0481
502,4372.867,502,15487.25,452,3791765.227,452,467.7439,452,75.1696
503,4099.592,503,14082.77,453,3644993.624,453,218.3096,453,167.9295
504,3475.28,504,12725.7,454,3486682.171,454,422.0215,454,135.0423
505,3853.931,505,12134.33,455,3336042.72,455,59.54,455,42.5285
506,3491.688,506,12122.83,456,3191349.049,456,179.9914,456,145.7067
507,3634.635,507,10695.01,457,3043563.404,457,275.9148,457,241.4244
508,3297.562,508,9536.582,458,2909720.699,458,234.1873,458,138.7761
509,3475.171,509,9994.983,459,2799425.336,459,340.1314,459,218.0299
510,3228.132,510,9665.138,460,2687048.037,460,201.6911,460,87.6906
511,3551.835,511,8397.439,461,2608167.685,461,159.1877,461,8.8436
512,3223.486,512,8769.325,462,2527118.434,462,321.0726,462,17.8368
513,3714.633,513,8695.955,463,2454394.17,463,161.6359,463,242.4559
514,3671.258,514,8215.979,464,2389295.909,464,298.3521,464,0
515,3811.803,515,7422.42,465,2315688.365,465,200.3111,465,27.3147
516,3659.54,516,7077.854,466,2231726.596,466,458.4566,466,220.0534
517,3443.564,517,7095.493,467,2171507.848,467,184.7786,467,194.0177
518,3756.853,518,6449.083,468,2097935.05,468,223.4139,468,176.8685
519,3838.038,519,6459.151,469,2024076.832,469,336.8093,469,65.4888
520,3325.928,520,5610.175,470,1948923.528,470,451.3176,470,197.4461
521,3498.908,521,5987.845,471,1892168.724,471,274.9663,471,265.4844
522,3848.627,522,5699.973,472,1836178.049,472,248.5949,472,200.7872
523,3880.244,523,5313.929,473,1772021.141,473,413.3402,473,278.7604
524,3870.997,524,5439.104,474,1734828.188,474,193.2781,474,86.9742
525,3724.062,525,5304.993,475,1720357.458,475,438.8336,475,136.5218
526,3671.258,526,4890.824,476,1691832.401,476,255.8356,476,196.7954
527,3779.306,527,5048.832,477,1681547.202,477,416.2002,477,178.3672
528,4127.151,528,4674.813,478,1669006.028,478,349.2633,478,19.9572
529,3732.005,529,4697.253,479,1669261.465,479,281.2482,479,30.133
530,3901.56,530,4245.917,480,1660501.303,480,535.81,480,181.9668
531,4312.65,531,4298.222,481,1674657.235,481,550.3444,481,254.7815
532,4075.121,532,4394.266,482,1687786.836,482,256.8338,482,-30.8192
533,4294.819,533,4689.368,483,1705663.658,483,570.2792,483,279.9475
534,3751.922,534,3575.318,484,1720957.608,484,565.0817,484,188.3539
535,4231.081,535,4171.681,485,1723689.126,485,978.481,485,294.5774
536,4133.983,536,4253.843,486,1738963.617,486,750.9979,486,84.6141
537,4075.491,537,3758.429,487,1772303.593,487,959.6229,487,191.9106
538,4243.844,538,3620.048,488,1820542.491,488,591.1017,488,-21.4933
539,4337.014,539,3769.844,489,1873404.689,489,799.4543,489,194.4509
540,4245.756,540,3319.21,490,1924648.828,490,1064.2163,490,369.1944
541,4124.741,541,3891.206,491,1998160.439,491,993.1058,491,501.9867
542,3718.764,542,3216.549,492,2098368.236,492,1140.5882,492,394.7923
543,4414.472,543,3433.266,493,2207500.114,493,914.8259,493,407.7951
544,4211.701,544,3078.79,494,2323860.457,494,631.3628,494,55.3798
545,4064.596,545,3534.315,495,2440883.342,495,300.2049,495,233.4913
546,3979.734,546,3235.407,496,2557183.435,496,479.9256,496,457.6026
547,4497.337,547,3323.879,497,2679893.187,497,414.4444,497,403.2428
548,4496.641,548,3183.498,498,2803684.226,498,359.7183,498,112.4095
549,4168.324,549,3456.914,499,2939872.441,499,350.3671,499,327.7622
550,3984.397,550,3367.441,500,3066011.996,500,34.0896,500,22.7263
551,4186.317,551,3681.831,501,3183750.283,501,503.7604,501,125.936
552,4357.321,552,3322.891,502,3334487.76,502,346.0517,502,299.9103
553,4492.398,553,3262.305,503,3466553.982,503,173.6707,503,243.1404
554,4129.919,554,3493.094,504,3606378.098,504,290.5218,504,511.3285
555,5066.123,555,3903.428,505,3757459.421,505,352.423,505,328.9275
556,5072.624,556,3847.928,506,3901648.943,506,296.8603,506,368.1091
557,4365.867,557,3168.559,507,4039741.582,507,310.8047,507,346.6678
558,4588.959,558,3702.875,508,4170051.717,508,445.2213,508,469.2882
559,4738.325,559,3701.043,509,4285503.862,509,230.0287,509,375.3146
560,4348.511,560,4041.701,510,4402905.432,510,267.9624,510,328.864
561,4522.518,561,3650.532,511,4538617.081,511,417.7939,511,552.9691
562,4369.359,562,4040.213,512,4678328.267,512,123.9642,512,223.1373
563,4624.514,563,4053.233,513,4802635.291,513,212.5843,513,650.2807
564,4920.411,564,3546.147,514,4915624.873,514,403.6407,514,756.8471
565,4492.455,565,3649.955,515,5028029.933,515,317.5993,515,622.5093
566,5151.916,566,4076.009,516,5087677.405,516,204.6967,516,447.783
567,4414.314,567,3919.504,517,5198001.543,517,399.7546,517,992.9848
568,4182.195,568,4489.217,518,5331898.169,518,389.9196,518,1013.8398
569,4891.374,569,4214.554,519,5447672.553,519,327.4134,519,1244.2584
570,4325.017,570,4539.369,520,5547739.227,520,171.5518,520,871.001
571,4837.042,571,3932.373,521,5650582.045,521,305.947,521,1450.048
572,4504.597,572,4028.243,522,5745692.852,522,93.8524,522,938.5837
573,4238.92,573,4258.919,523,5844904.85,523,473.1182,523,1473.5342
574,4835.353,574,4512.923,524,5923173.018,524,299.818,524,2099.0031
575,4454.662,575,4698.81,525,5983899.097,525,274.7992,525,1305.3942
576,4744.003,576,4394.803,526,6065594.973,526,554.0715,526,1426.8245
577,4965.816,577,4841.641,527,6146912.035,527,306.7629,527,2580.0209
578,4148.065,578,4815.245,528,6207760.099,528,42.1061,528,2779.5485
579,4786.188,579,4744.194,529,6325705.457,529,283.7627,529,2540.0797
580,4988.959,580,4291.208,530,6420938.519,530,372.8989,530,2725.4739
581,5080.716,581,4183.944,531,6468759.318,531,360.5296,531,3476.2566
582,4979.693,582,3966.323,532,6521403.058,532,318.9989,532,5091.1619
583,5120.269,583,4404.153,533,6599689.583,533,525.8099,533,7043.1529
584,5262.298,584,4214.003,534,6673494.079,534,411.9305,534,7153.2195
585,5548.943,585,3632.92,535,6735912.409,535,44.5293,535,10219.0589
586,5329.087,586,4462.937,536,6802522.333,536,119.8063,536,12215.1125
587,4308.437,587,4196.217,537,6862321.802,537,362.2179,537,14502.3019
588,5193.596,588,4513.077,538,6949091.748,538,684.378,538,21640.958
589,5112.467,589,3856.961,539,7002470.753,539,551.6072,539,45657.0732
590,5213.755,590,4065.147,540,7060375.272,540,571.1602,540,182671.2722
591,5274.675,591,4534.225,541,7100998.352,541,404.6359,541,1199395.352
592,5475.894,592,4007.636,542,7139772.041,542,753.0933,542,1928830.041
593,5128.013,593,4069.295,543,7208460.696,543,348.0384,543,1654911.696
594,5034.244,594,3822.981,544,7299909.893,544,622.1158,544,1580493.893
595,5261.783,595,4065.72,545,7347657.63,545,192.7614,545,1920942.63
596,5010.334,596,4239.377,546,7384797.897,546,549.9662,546,1828432.897
597,5275.446,597,3889.508,547,7434599.698,547,374.7247,547,2096404.698
598,5201.406,598,4121.688,548,7464612.078,548,705.5758,548,1977042.078
599,5293.067,599,3981.957,549,7524408.811,549,810.4155,549,1752776.811
600,5186.255,600,4213.668,550,7579141.277,550,650.1036,550,1769192.277
601,5344.172,601,3336.705,551,7608184.25,551,319.4018,551,2057068.25
602,4089.694,602,4291.688,552,7682619.207,552,847.6287,552,2079801.207
603,5405.719,603,3671.559,553,7753580.133,553,478.2015,553,1780421.133
604,5768.859,604,3656.745,554,7801937.791,554,533.3842,554,2100487.791
605,6202.911,605,4048.426,555,7853717.416,555,711.229,555,1725934.416
606,5073.645,606,4027.371,556,7887396.062,556,629.6016,556,1801690.062
607,5167.691,607,3901.947,557,7913735.569,557,968.1348,557,1393370.569
608,5448.951,608,4199.481,558,7915599.425,558,389.7457,558,378100.8247
609,4986.905,609,4370.145,559,7994567.658,559,786.6523,559,40800.4283
610,4895.066,610,4597.525,560,8024059.482,560,775.7809,560,24876.2319
611,5356.959,611,4318.201,561,8072138.564,561,290.5664,561,9557.2544
612,5551.865,612,3728.619,562,8140036.477,562,767.755,562,10388.437
613,5599.726,613,4457.311,563,8166008.437,563,552.67,563,9178.627
614,5732.25,614,4411.377,564,8213992.949,564,686.9103,564,9175.3693
615,5914.836,615,4407.457,565,8249524.846,565,804.7889,565,6964.6559
616,5870.876,616,3769.748,566,8304010.163,566,245.292,566,4265.216
617,6141.472,617,4374.083,567,8393688.837,567,570.7571,567,4890.5961
618,5248.641,618,4286.249,568,8430064.58,568,882.4026,568,4105.7776
619,5625.732,619,4653.593,569,8475731.513,569,695.9201,569,4156.9341
620,6039.691,620,4581.61,570,8519483.424,570,194.806,570,3526.588
621,5460.63,621,4440.361,571,8568237.754,571,806.097,571,3382.118
622,5991.029,622,4659.484,572,8565153.498,572,853.2171,572,3056.0461
623,5606.792,623,4656.863,573,8627709.318,573,999.6569,573,3579.2349
624,5677.613,624,4436.427,574,8709559.26,574,664.7856,574,2175.8256
625,6249.77,625,4905.858,575,8779192.494,575,1139.0043,575,2949.4693
626,6074.251,626,4846.623,576,8820161.948,576,759.7866,576,2156.2956
627,5635.462,627,4552.789,577,8872506.592,577,1158.5632,577,1965.4962
628,6055.641,628,5379.1,578,8882060.4,578,1042.182,578,1000.493
629,5791.086,629,5107.761,579,8901774.563,579,1028.525,579,1490.345
630,5652.124,630,4238.911,580,8942855.94,580,1056.896,580,1014.618
631,5291.662,631,5691.101,581,8976490.72,581,1238.081,581,576.33
632,6101.311,632,5022.466,582,9008672.448,582,1508.9,582,862.203
633,5228.797,633,5262.755,583,8987662.25,583,1301.6458,583,846.0518
634,6463.976,634,5129.939,584,9033105.765,584,1288.1491,584,938.8051
635,5477.714,635,4368.164,585,9143041.418,585,2135.738,585,748.562
636,6467.232,636,5307.173,586,9178262.775,586,1198.956,586,421.84
637,5614.321,637,5436.625,587,9214035.295,587,1458.552,587,560.959
638,5496.56,638,5209.117,588,9276019.139,588,1791.619,588,226.771
639,7201.92,639,5637.625,589,9295862.098,589,2350.801,589,502.072
640,6186.755,640,5597.45,590,9280471.378,590,3123.6119,590,1446.8619
641,6205.097,641,4904.456,591,9329936.792,591,3701.5714,591,855.8834
642,6448.253,642,4910.969,592,9377635.751,592,2749.65,592,419.397
643,6316.364,643,5098.588,593,9412807.007,593,5010.894,593,917.328
644,6450.083,644,5445.737,594,9450369.076,594,7291.475,594,712.325
645,6628.543,645,6004.584,595,9450090.942,595,17087.272,595,95.659
646,7794.164,646,6061.86,596,9509628.183,596,57751.683,596,-144.515
647,5917.692,647,5679.361,597,9588050.814,597,131610.014,597,340.32
648,6932.791,648,5810.558,598,9593008.516,598,192086.116,598,490.651
649,6370.407,649,5477.618,599,9613689.544,599,215691.1444,599,939.7984
650,6245.17,650,6204.077,600,9636632.742,600,252826.0415,600,523.5555
651,6957.703,651,5374.309,601,9649625.791,601,294054.591,601,426.488
652,6675.438,652,6844.464,602,9628790.89,602,339480.69,602,479.635
653,5652.009,653,6037.428,603,9642774.76,603,377911.36,603,203.967
654,7378.064,654,6379.709,604,9672578.033,604,424093.633,604,386.263
655,6945.45,655,6725.624,605,9700616.264,605,470273.664,605,700.66
656,8282.273,656,6589.945,606,9695780.149,606,533397.249,606,183.052
657,6345.885,657,6120.823,607,9658168.259,607,597427.559,607,474.535
658,7278.989,658,5959.499,608,9643005.461,608,672203.861,608,186.045
659,7556.807,659,7003.786,609,9688986.234,609,754353.934,609,723.86
660,7654.359,660,7981.125,610,9797153.579,610,835541.1785,610,676.0555
661,8031.621,661,6992.081,611,9835574.286,611,918629.586,611,382.607
662,8704.473,662,6599.804,612,9835223.239,612,1018124.239,612,55.236
663,7757.551,663,7224.14,613,9847904.813,613,1111185.813,613,362.137
664,8307.606,664,7815.955,614,9891351.867,614,1230317.867,614,365.26
665,7268.483,665,6820.365,615,9961222.823,615,1358028.823,615,312.773
666,7613.946,666,6706.202,616,9986505.935,616,1503441.935,616,374.086
667,7053.104,667,8433.287,617,9902270.112,617,1653344.112,617,57.933
668,7357.014,668,7927.011,618,9913067.348,618,1835792.348,618,-495.669
669,7586.853,669,7429.861,619,9979412.63,619,2042444.63,619,176.714
670,9194.832,670,7397.889,620,9931979.87,620,2257946.87,620,297.495
671,7400.425,671,7239.525,621,9940573.028,621,2494982.028,621,300.012
672,9144.231,672,8436.532,622,9946799.276,622,2782989.276,622,-514.335
673,8065.429,673,7733.927,623,9993516.471,623,3084998.471,623,367.629
674,8635.658,674,7906.571,624,10005949.17,624,3403349.169,624,1023.76
675,9948.52,675,7389.996,625,9946442.808,625,3731463.808,625,156.23
676,8645.228,676,8068.798,626,9918026.235,626,4081877.235,626,94.411
677,9611.625,677,8679.45,627,9947114.772,627,4436615.772,627,318.364
678,7536.042,678,7241.63,628,9940356.342,628,4875824.342,628,418.703
679,7098.465,679,9186.57,629,9912292.03,629,5257537.03,629,455.448
680,9006.167,680,9247.979,630,9884884.717,630,5665950.717,630,0
681,8576.603,681,8576.603,631,9885028.344,631,5994345.344,631,0
682,8569.234,682,7389.271,632,9889193.004,632,6394563.004,632,134.828
683,10707.29,683,9132.458,633,9864718.418,633,6670981.418,633,237.661
684,9263.779,684,9263.779,634,9782774.389,634,7016081.389,634,512.975
685,9441.058,685,9635.081,635,9809804.066,635,7322035.066,635,554.683
686,9883.748,686,8247.159,636,9792315.835,636,7332370.835,636,70.29
687,10708.21,687,8978.703,637,9728321.445,637,6732112.445,637,248.725
688,10612.04,688,8989.602,638,9587678.462,638,5189497.462,638,-107.769
689,9069.323,689,9205.723,639,9485119.493,639,3441493.493,639,-181.849
690,8805.991,690,9081.215,640,9277313.619,640,1946822.619,640,368.228
691,10864.29,691,10167.76,641,8943239.479,641,1091822.479,641,482.999
692,10152.21,692,9658.636,642,8349579.223,642,587926.323,642,637.291
693,10788.67,693,10717.21,643,7669997.035,643,355040.535,643,837.06
694,11948.3,694,9775.59,644,6815312.959,644,212421.359,644,231.728
695,9451.415,695,9744.521,645,6037825.685,645,144245.285,645,896.764
696,11194.92,696,10082.69,646,5415297.012,646,94972.442,646,-236.169
697,12476.42,697,8943.518,647,5126340.677,647,69301.947,647,754.573
698,11963.39,698,10210.56,648,5058449.692,648,52642.052,648,40.071
699,10766.39,699,11920.11,649,5134847.865,649,43256.375,649,730.328
700,10012.21,700,9313.598,650,5207667.383,650,34416.133,650,1314.731
,,,,651,5218632.798,651,28682.178,651,-166.641
,,,,652,5153431.015,652,25110.085,652,-295.733
,,,,653,5057991.636,653,18719.646,653,-470.993
,,,,654,4928360.856,654,17235.796,654,86.796
,,,,655,4764563.222,655,15169.992,655,219.78
,,,,656,4605722.22,656,16524.26,656,801.433
,,,,657,4421834.931,657,13550.141,657,900.089
,,,,658,4331337.11,658,10328.89,658,272.95
,,,,659,4190750.433,659,9908.263,659,368.603
,,,,660,4049389.96,660,8028.58,660,280.021
,,,,661,3866478.833,661,6898.339,661,-472.416
,,,,662,3653112.557,662,7461.41,662,478.226
,,,,663,3321725.807,663,5915.358,663,1163.563
,,,,664,2795805.497,664,5407.465,664,1622.115
,,,,665,2042654.503,665,3335.561,665,348.471
,,,,666,1484588.604,666,4185.232,666,1210.116
,,,,667,1354687.321,667,2095.51,667,664.411
,,,,668,1167650.199,668,3315.857,668,1657.875
,,,,669,760983.951,669,2354.55,669,575.537
,,,,670,588974.255,670,3012.061,670,1268.195
,,,,671,497167.766,671,2842.201,671,1555.129
,,,,672,434058.105,672,3102.43,672,1578.385
,,,,673,395469.489,673,2430.701,673,110.481
,,,,674,365780.824,674,2299.06,674,336.436
,,,,675,329485.202,675,4206.646,675,1648.476
,,,,676,305792.36,676,2247.69,676,691.578
,,,,677,265482.477,677,2330.056,677,465.996
,,,,678,229912.457,678,3238.206,678,1471.868
,,,,679,180150.157,679,1371.988,679,894.768
,,,,680,108445.647,680,1994.647,680,1329.75
,,,,681,84164.388,681,1409.015,681,-428.817
,,,,682,77714.431,682,2235.458,682,-558.839
,,,,683,77180.197,683,2456.257,683,2141.341
,,,,684,75538.191,684,2555.528,684,255.544
,,,,685,75613.943,685,1745.93,685,-711.278
,,,,686,73913.65,686,2029.085,686,327.263
,,,,687,74639.085,687,864.615,687,-266.03
,,,,688,72805.037,688,2027.756,688,337.951
,,,,689,74747.162,689,2250.261,689,477.316
,,,,690,78516.81,690,1582.34,690,343.98
,,,,691,73826.178,691,1044.605,691,208.919
,,,,692,76291.257,692,1409.996,692,493.492
,,,,693,80179.185,693,1786.157,693,357.224
,,,,694,76399.587,694,1665.444,694,-362.043
,,,,695,76202.706,695,1392.082,695,-146.533
,,,,696,76734.863,696,2372.392,696,593.084
,,,,697,75003.529,697,1052.173,697,601.238
,,,,698,79934.896,698,2743.075,698,304.776
,,,,699,82216.055,699,2230.138,699,845.899
,,,,700,80021.932,700,2871.719,700,1785.097
,,,,701,79752.091,701,1025.488,701,-473.293
,,,,702,79946.401,702,2646.275,702,400.94
,,,,703,78250.581,703,2268.355,703,-162.021
,,,,704,76759.799,704,2619.092,704,245.532
,,,,705,84835.172,705,3562.401,705,1325.509
,,,,706,80585.446,706,2767.556,706,1006.363
,,,,707,83131.432,707,2547.625,707,339.674
,,,,708,83843.701,708,1719.993,708,85.998
,,,,709,87145.46,709,1391.562,709,347.887
,,,,710,83732.221,710,439.816,710,-439.811
,,,,711,83704.89,711,2757.97,711,978.615
,,,,712,81600.643,712,2879.622,712,1889.731
,,,,713,78573.224,713,2638.149,713,2001.34
,,,,714,83213.374,714,2483.175,714,0
,,,,715,88074.786,715,1207.922,715,278.749
,,,,716,85319.14,716,3285.86,716,2722.554
,,,,717,97363.411,717,1044.836,717,94.984
,,,,718,91774.344,718,2402.753,718,480.541
,,,,719,86692.28,719,972.12,719,486.057
,,,,720,93800.906,720,2360.053,720,786.672
,,,,721,101018.077,721,1690.239,721,3082.245
,,,,722,96812.579,722,2413.016,722,-804.314
,,,,723,101623.645,723,4559.566,723,101.32
,,,,724,92698.776,724,1429.573,724,-1021.1
,,,,725,101148.007,725,3002.576,725,310.603
,,,,726,99204.987,726,2939.824,726,1364.898
,,,,727,97955.892,727,2547.539,727,2229.089
,,,,728,98392.391,728,3541.571,728,429.269
,,,,729,103531.376,729,4760.695,729,-865.535
,,,,730,103614.003,730,2508.867,730,1199.878
,,,,731,99992.164,731,551.335,731,-2866.856
,,,,732,102761.195,732,1672.119,732,0
,,,,733,105875.481,733,3492.18,733,1126.487
,,,,734,107795.071,734,2846.083,734,-227.68
,,,,735,110075.015,735,1955.561,735,1725.492
,,,,736,108084.075,736,3487.198,736,2789.741
,,,,737,109598.646,737,1641.294,737,1993.006
,,,,738,111131.355,738,5321.02,738,3783.788
,,,,739,110654.548,739,2978.303,739,1072.172
,,,,740,104155.317,740,3600.977,740,-360.085
,,,,741,105808.022,741,486.612,741,486.612
,,,,742,112193.465,742,2589.626,742,1603.088
,,,,743,110398.321,743,1117.917,743,248.424
,,,,744,109954.691,744,2877.898,744,1000.993
,,,,745,113997.835,745,1639.703,745,882.912
,,,,746,109440.923,746,1652.938,746,1652.938
,,,,747,110005.528,747,2949.842,747,2565.073
,,,,748,111997.873,748,2587.357,748,1940.508
,,,,749,111192.391,749,2088.829,749,913.854
,,,,750,111812.554,750,4347.644,750,1185.694
,,,,751,117489.227,751,3735.106,751,3868.507
,,,,752,119521.225,752,4998.345,752,0
,,,,753,118391.219,753,4622.919,753,1903.515
,,,,754,112993.171,754,3284.442,754,1094.796
,,,,755,120703.094,755,3587.663,755,1379.848
,,,,756,121985.07,756,7096.01,756,3200.07
,,,,757,112369.594,757,4231.784,757,1833.743
,,,,758,119671.035,758,2002.413,758,2860.605
,,,,759,113753.628,759,4904.448,759,2596.432
,,,,760,125656.808,760,3637.068,760,-290.958
,,,,761,126797.949,761,6452.009,761,879.786
,,,,762,119964.161,762,2808.281,762,-591.202
,,,,763,125732.504,763,2536.444,763,-895.196
,,,,764,119380.781,764,5422.291,764,1807.388
,,,,765,121374.237,765,4548.027,765,1970.779
,,,,766,127212.179,766,3814.809,766,1220.717
,,,,767,126381.055,767,3249.865,767,1238.025
,,,,768,117337.302,768,3767.152,768,784.808
,,,,769,130872.977,769,6791.207,769,3474.497
,,,,770,129618.41,770,2860.45,770,-635.648
,,,,771,125495.684,771,5124.964,771,-2081.921
,,,,772,137143.29,772,5810.53,772,161.398
,,,,773,140034.227,773,6717.487,773,-163.834
,,,,774,140004.324,774,8649.804,774,0
,,,,775,142028.629,775,6717.829,775,1847.351
,,,,776,141542.757,776,4239.457,776,-169.573
,,,,777,138954.474,777,4977.174,777,1029.737
,,,,778,142909.749,778,8164.909,778,1737.149
,,,,779,141349.985,779,6859.825,779,2110.658
,,,,780,142959.031,780,6234.071,780,1959.231
,,,,781,144213.547,781,8136.417,781,1084.817
,,,,782,142188.82,782,5690.66,782,2019.22
,,,,783,148060.07,783,4253.42,783,1294.49
,,,,784,155131.913,784,6334.463,784,1490.423
,,,,785,136041.12,785,2592.92,785,185.21
,,,,786,137271.847,786,1657.097,786,2577.717
,,,,787,138232.817,787,5634.327,787,0
,,,,788,139355.313,788,1435.549,788,179.442
,,,,789,143571.057,789,4271.727,789,2313.824
,,,,790,143835.609,790,4414.069,790,1412.477
,,,,791,142808.085,791,6486.235,791,701.191
,,,,792,139008.973,792,2610.903,792,696.234
,,,,793,130783.66,793,1042.7,793,695.13
,,,,794,123098.867,794,2949.547,794,2082.027
,,,,795,136538.376,795,2430.106,795,0
,,,,796,146509.587,796,7293.557,796,3299.397
,,,,797,135325.487,797,1221.357,797,-697.911
,,,,798,131223.824,798,4382.654,798,1402.424
,,,,799,143910.299,799,2109.449,799,1230.507
,,,,800,144661.39,800,2115.28,800,-176.27
