wavelength;DO1-blank;DO1-blank2;DO1-blank3;1;0.5;3;DO3side2-blank7;2;blank-do-mppc;do_mppc
800;"-0,001532847";"-0,001413969";"0,462405324";"1,101322532";"0,581985652";"2,67398119";"2,67125392";"1,78992331";"0,000332995";"1,032077193"
799;"-0,000603397";"-0,000319936";"0,463849396";"1,099951029";"0,581937552";"2,680555582";"2,670476675";"1,789056301";"0,001669614";"1,034105659"
798;"-0,000692518";"-0,00075082";"0,462610304";"1,098592401";"0,582192302";"2,686817646";"2,671041012";"1,789758086";"0,001424509";"1,033993602"
797;"-0,000410099";"-0,000436115";"0,461962283";"1,095955014";"0,58082211";"2,68035984";"2,670171976";"1,790625811";"0,000857049";"1,034213424"
796;"-0,000735212";"-0,000441649";"0,461604714";"1,09395051";"0,580190659";"2,680960417";"2,665368557";"1,787582755";"0,001044122";"1,033156991"
795;"-0,000550401";"-0,00038465";"0,460818291";"1,094013929";"0,579734087";"2,681261063";"2,670113325";"1,790298223";"0,00117204";"1,033589602"
794;"-0,000545696";"-0,000222304";"0,460645139";"1,0921942";"0,578422785";"2,683986425";"2,665008068";"1,78897512";"0,001261286";"1,034387589"
793;"-0,001158094";"-0,000486073";"0,458993137";"1,090762019";"0,577125728";"2,686074972";"2,671437025";"1,789412618";"0,001593717";"1,033330321"
792;"-0,000366494";"-0,000344613";"0,458530337";"1,088731527";"0,576553047";"2,678302526";"2,664425373";"1,790345073";"0,00103312";"1,034066319"
791;"-0,000282221";"-0,00010379";"0,458301872";"1,08820045";"0,576263666";"2,688813925";"2,670109034";"1,78973937";"0,001195531";"1,034221172"
790;"-0,000678769";0;"0,457401544";"1,085741282";"0,575295925";"2,685646772";"2,674338341";"1,791077137";"0,001360028";"1,033589482"
789;"-0,000500863";"-0,000573255";"0,456398159";"1,083975554";"0,573952794";"2,688044548";"2,672269821";"1,788302541";"0,001372414";"1,034439921"
788;"-0,000651579";"-0,000561311";"0,456054777";"1,081683397";"0,573089182";"2,689104319";"2,674496889";"1,790975213";"0,001442429";"1,034168124"
787;"-0,00040172";"-0,000374357";"0,455545872";"1,081816435";"0,572593451";"2,686226368";"2,676964521";"1,790349483";"0,001778638";"1,033854604"
786;"-0,000678976";"-0,000702081";"0,455231339";"1,079439044";"0,571695566";"2,683969259";"2,666643858";"1,791458964";"0,001309524";"1,034574032"
785;"-0,00058892";"-0,000511464";"0,454619676";"1,078511953";"0,57142359";"2,687677145";"2,674208641";"1,790882349";"0,001474662";"1,034619212"
784;"-0,000258627";"-0,000359045";"0,453653842";"1,077132463";"0,570779562";"2,682077885";"2,674821377";"1,792391062";"0,001448013";"1,034206867"
783;"-0,000361787";"-0,00040984";"0,453315407";"1,075587392";"0,570190907";"2,69053936";"2,680706263";"1,790125728";"0,001459857";"1,034729242"
782;"-0,000707922";"-0,000637362";"0,452402294";"1,07395649";"0,569217682";"2,685586691";"2,678757429";"1,793315649";"0,001143827";"1,033495545"
781;"-0,000581837";"-0,000469318";"0,451863438";"1,072335958";"0,568527401";"2,686087132";"2,682478189";"1,791083813";"0,001192442";"1,034334421"
780;"-0,000569222";"-0,000239793";"0,45136255";"1,071671009";"0,567146957";"2,687287569";"2,682257891";"1,790905237";"0,001509858";"1,033654451"
779;"-0,000194722";"-0,000562759";"0,451166749";"1,068674564";"0,566886663";"2,691540956";"2,680862904";"1,791600585";"0,001734324";"1,034666896"
778;"-0,000318126";0;"0,450162828";"1,067480683";"0,566172481";"2,688094378";"2,679059267";"1,790529013";"0,001397526";"1,033903122"
777;"-0,000751957";"-0,000253195";"0,449690044";"1,065847158";"0,566015244";"2,69329834";"2,684630632";"1,791505694";"0,001575297";"1,034615755"
776;"-0,0004477";"-0,000222097";"0,449404955";"1,065063596";"0,564976275";"2,69126153";"2,683357";"1,791816831";"0,00166382";"1,034506083"
775;"-0,000553038";"-0,000342492";"0,448214233";"1,06295681";"0,563883603";"2,692092657";"2,680136919";"1,792749643";"0,001498584";"1,033683777"
774;"-0,000508206";"-0,000693397";"0,447784185";"1,062108159";"0,563775599";"2,698479176";"2,684434652";"1,794729233";"0,001088574";"1,034384966"
773;"-0,000614512";"-0,000247141";"0,44744131";"1,060998797";"0,562685132";"2,694873333";"2,686634302";"1,793446064";"0,001652334";"1,033979535"
772;"-0,000346423";"-0,000303433";"0,446831495";"1,059711099";"0,562404931";"2,699886322";"2,682929277";"1,794308782";"0,001444273";"1,034409404"
771;"-0,000187891";"-0,000243208";"0,446392506";"1,058215618";"0,561466992";"2,699507952";"2,684334755";"1,794385791";"0,001314406";"1,034846544"
770;"-0,000631055";"-0,000489952";"0,445608586";"1,057021141";"0,561195016";"2,698354483";"2,685039759";"1,794645667";"0,001586884";"1,034188509"
769;"-0,000472679";"-0,000210091";"0,445468009";"1,05591011";"0,55966115";"2,698570728";"2,688708067";"1,794572353";"0,001472402";"1,035121679"
768;"-0,00046849";"-0,000523151";"0,444437057";"1,053556442";"0,559509397";"2,696622849";"2,687885523";"1,795285702";"0,001091714";"1,034169316"
767;"-0,000518652";"-0,000455354";"0,44440046";"1,052647114";"0,558828235";"2,696584225";"2,69007659";"1,795648694";"0,001680269";"1,034491897"
766;"-0,000796505";"-0,000478058";"0,443770737";"1,051193118";"0,558616579";"2,700667381";"2,69210124";"1,795857906";"0,001479649";"1,0353297"
765;"-0,000150164";"-0,000228513";"0,443622023";"1,050477028";"0,557476282";"2,699171543";"2,690624714";"1,796227217";"0,001600914";"1,034252048"
764;"-0,000293137";"-0,000322368";"0,442768604";"1,049008131";"0,557141602";"2,700033665";"2,688916683";"1,794288039";"0,001324324";"1,035207391"
763;"-0,000260542";"-0,000416513";"0,442377448";"1,047991276";"0,556515336";"2,702936649";"2,696391344";"1,796236277";"0,001571504";"1,03445518"
762;"-0,000442063";0;"0,442295283";"1,045227408";"0,556196094";"2,701877117";"2,690497637";"1,794348359";"0,001309213";"1,034798622"
761;"-0,000455096";"-0,000371667";"0,44131276";"1,045773983";"0,556117475";"2,702009201";"2,692245007";"1,795727849";"0,001369168";"1,035006404"
760;"-0,000412426";"-0,00029919";"0,44078663";"1,044215798";"0,555707693";"2,707254171";"2,695975304";"1,795073509";"0,001445702";"1,034472585"
759;"-0,000499571";"-0,000321799";"0,440219581";"1,043744922";"0,554602802";"2,705365181";"2,697458744";"1,797155261";"0,001437183";"1,035559416"
758;"-0,000338715";"-0,000439477";"0,439982414";"1,042061925";"0,554211438";"2,707015753";"2,692627192";"1,796159983";"0,001569062";"1,035377026"
757;"-0,000351027";"-0,000616425";"0,43974939";"1,041486621";"0,553973854";"2,707938194";"2,695956469";"1,797095776";"0,001219542";"1,035271287"
756;"-0,000390547";"-0,000169468";"0,439205915";"1,040256023";"0,553215027";"2,711934328";"2,692583323";"1,79521358";"0,00185137";"1,035276294"
755;"-0,000271407";"-0,000487883";"0,438951194";"1,038802147";"0,552949905";"2,708086729";"2,695864439";"1,798155308";"0,001950662";"1,035072327"
754;"-0,000228616";"-0,000507948";"0,438422263";"1,037758231";"0,551792085";"2,70901227";"2,696583986";"1,796275616";"0,001442585";"1,034873605"
753;"-0,000252884";0;"0,438297868";"1,037029386";"0,552053928";"2,70875001";"2,699108124";"1,797173738";"0,001597744";"1,035357952"
752;"-0,000305244";0;"0,43756184";"1,036301255";"0,551398456";"2,707515001";"2,695747375";"1,796821833";"0,001403317";"1,034771562"
751;"-0,000156737";"-0,000501019";"0,437395752";"1,035307646";"0,551111698";"2,714074373";"2,702785015";"1,79740715";"0,001422821";"1,035558462"
750;"-0,000344871";"-0,000462646";"0,43686077";"1,034324169";"0,550892353";"2,71086812";"2,699870586";"1,798925996";"0,001381633";"1,035580277"
749;"-0,000420961";"-0,000339336";"0,436444849";"1,033689499";"0,550182223";"2,713922024";"2,704084873";"1,798871636";"0,001481415";"1,03523922"
748;"-0,000196896";"-0,000260594";"0,436203808";"1,031962276";"0,549279511";"2,711961031";"2,705414772";"1,797592044";"0,001504091";"1,035629988"
747;"-0,000316418";"-0,000394944";"0,435833752";"1,032197237";"0,549165607";"2,712816715";"2,701632977";"1,799440026";"0,001302384";"1,035638213"
746;"-0,000414909";"-0,000340267";"0,435678303";"1,030941248";"0,54879117";"2,713795424";"2,702584743";"1,798807621";"0,001376491";"1,036026478"
745;"-0,000222304";"-0,00027446";"0,435234487";"1,029402494";"0,548513115";"2,712195873";"2,703630447";"1,799196482";"0,001756285";"1,035413623"
744;"-0,000519945";"-0,00020502";"0,435042143";"1,029432893";"0,548092902";"2,717974663";"2,699473143";"1,799485803";"0,001636432";"1,03548193"
743;"9,32E-05";0;"0,434485793";"1,028146267";"0,547804415";"2,718048811";"2,703563929";"1,800316215";"0,001593457";"1,035682321"
742;"-0,000556502";0;"0,434630066";"1,027824044";"0,547702372";"2,713853121";"2,705137253";"1,799088001";"0,001422769";"1,035987496"
741;"-0,000430891";0;"0,434329987";"1,026975989";"0,547431529";"2,718553543";"2,705954075";"1,800077558";"0,001545551";"1,035699129"
740;"-0,000377719";"-0,00032423";"0,433713019";"1,026985526";"0,547188342";"2,717980146";"2,710018396";"1,798458815";"0,001513624";"1,035739779"
739;"-0,000319419";"-0,000307313";"0,433477163";"1,025595427";"0,546993613";"2,718067646";"2,706967115";"1,800211191";"0,001297659";"1,035860419"
738;"-0,000543989";"-0,000306847";"0,433372498";"1,024914622";"0,546484292";"2,714690447";"2,706568003";"1,800530434";"0,001469986";"1,035676003"
737;"-0,000658195";"-0,000566792";"0,433336705";"1,024883986";"0,546184421";"2,719444752";"2,71112299";"1,801534653";"0,001381737";"1,035704613"
736;"-0,000611979";"-0,000627178";"0,433065772";"1,024449229";"0,546326578";"2,720423937";"2,711204767";"1,800901651";"0,001037116";"1,035821915"
735;"-0,000596676";"-0,000531631";"0,432737351";"1,023811102";"0,545704067";"2,723155022";"2,707901239";"1,799368262";"0,00118886";"1,035350204"
734;"-0,000722807";"-0,000575736";"0,43277961";"1,023452997";"0,545671701";"2,723362684";"2,710007191";"1,800631046";"0,001183305";"1,035630107"
733;"-0,001008175";"-0,000708439";"0,432479054";"1,022520065";"0,545372248";"2,717342138";"2,713514328";"1,801253915";"0,001205213";"1,035655975"
732;"-0,000912608";"-0,000883469";"0,432208568";"1,022523642";"0,545344949";"2,720791578";"2,711235046";"1,801851749";"0,001010313";"1,035421968"
731;"-0,000810871";"-0,000867814";"0,432043284";"1,022075653";"0,545178711";"2,726224899";"2,710029602";"1,800762892";"0,00110321";"1,035772085"
730;"-0,001188402";"-0,000943398";"0,431631506";"1,021725297";"0,545003474";"2,721230507";"2,710615873";"1,800976634";"0,000733321";"1,035288811"
729;"-0,001117456";"-0,001228775";"0,431854099";"1,021398187";"0,544709265";"2,723011494";"2,712445974";"1,8014853";"0,000864805";"1,035514712"
728;"-0,001412059";"-0,001063903";"0,431380063";"1,02100122";"0,544434071";"2,724499702";"2,712965012";"1,801884055";"0,000650639";"1,035238385"
727;"-0,001566637";"-0,001276681";"0,431320936";"1,021442294";"0,544431865";"2,721469641";"2,71197176";"1,801857829";"0,000305458";"1,035381913"
726;"-0,001612133";"-0,001522684";"0,431103677";"1,021079302";"0,544567704";"2,722985744";"2,711669922";"1,800967455";"0,000114586";"1,034992099"
725;"-0,001981805";"-0,001752563";"0,430899411";"1,021117926";"0,544141173";"2,721796751";"2,715711355";"1,801209927";"-4,37E-05";"1,03472352"
724;"-0,001892845";"-0,002078064";"0,430883765";"1,020732999";"0,544208646";"2,72717309";"2,71466279";"1,802185416";"-0,000284445";"1,034723997"
723;"-0,002380255";"-0,002002625";"0,430726051";"1,021390676";"0,544370353";"2,723057032";"2,713135958";"1,80202651";"-0,000163827";"1,034849286"
722;"-0,002472256";"-0,002359762";"0,430871666";"1,020974994";"0,54442966";"2,724820375";"2,713172436";"1,802624941";"-0,000839963";"1,034500241"
721;"-0,002421135";"-0,002607828";"0,430431366";"1,020852685";"0,544386029";"2,727462769";"2,717036963";"1,800108552";"-0,000793663";"1,034164071"
720;"-0,002881314";"-0,002669115";"0,430594921";"1,021581292";"0,544393778";"2,726900339";"2,715538025";"1,802127123";"-0,000941745";"1,034326196"
719;"-0,003204583";"-0,003029149";"0,4306072";"1,021648884";"0,544354796";"2,726288557";"2,714179516";"1,802137494";"-0,00111255";"1,034006"
718;"-0,00238906";"-0,002395805";"0,43147859";"1,023010612";"0,54507184";"2,730230331";"2,717768669";"1,802721143";"-0,000423547";"1,034345984"
717;"-0,00335986";"-0,003189371";"0,43083474";"1,02260685";"0,544816136";"2,726891994";"2,720601082";"1,802083254";"-0,001228104";"1,03356576"
716;"-0,003220977";"-0,003207821";"0,431066603";"1,023104668";"0,544948757";"2,726705313";"2,71542263";"1,801249504";"-0,001270642";"1,033663511"
715;"-0,003273802";"-0,003380614";"0,431207985";"1,023817301";"0,5452227";"2,727983952";"2,715893745";"1,801800251";"-0,001669693";"1,033898234"
714;"-0,00341688";"-0,003426177";"0,431343466";"1,025038242";"0,545470357";"2,726542473";"2,71391654";"1,802731037";"-0,001471555";"1,033801079"
713;"-0,003597292";"-0,003574751";"0,432075471";"1,026106596";"0,546079159";"2,729361773";"2,719022512";"1,800825834";"-0,00144751";"1,033604622"
712;"-0,003531514";"-0,003644835";"0,432152748";"1,02721262";"0,546435475";"2,731486082";"2,720337152";"1,801822066";"-0,001698779";"1,033478618"
711;"-0,003481134";"-0,003772856";"0,432533383";"1,028448224";"0,546922505";"2,729561806";"2,720614433";"1,801290154";"-0,001603829";"1,033526301"
710;"-0,003591285";"-0,003877339";"0,433053523";"1,030353069";"0,54735446";"2,731718779";"2,71767807";"1,802680492";"-0,001672375";"1,033208251"
709;"-0,003725533";"-0,003691192";"0,433578521";"1,031113505";"0,5480932";"2,733745575";"2,718370438";"1,803631902";"-0,001616053";"1,033450961"
708;"-0,003577062";"-0,003636107";"0,434155405";"1,033043504";"0,548672378";"2,729235172";"2,718897104";"1,801830649";"-0,00169553";"1,033407688"
707;"-0,00344287";"-0,003663111";"0,434844166";"1,034824133";"0,549753189";"2,731092453";"2,720139265";"1,802589536";"-0,001805825";"1,033630252"
706;"-0,003430184";"-0,003830233";"0,435782075";"1,036789536";"0,550481081";"2,732699394";"2,716631413";"1,802405715";"-0,001496114";"1,033786058"
705;"-0,003445644";"-0,00355986";"0,436494589";"1,04007268";"0,551593959";"2,734764576";"2,724346161";"1,802037477";"-0,00151866";"1,033430696"
704;"-0,003418986";"-0,003583788";"0,437113345";"1,041137218";"0,552378476";"2,730051041";"2,720913887";"1,803292751";"-0,001509219";"1,033312678"
703;"-0,003296821";"-0,003248161";"0,438210845";"1,044751644";"0,553497672";"2,733613968";"2,724774361";"1,803907275";"-0,001181174";"1,034074545"
702;"-0,003256177";"-0,003626609";"0,439121038";"1,047077537";"0,554839194";"2,737883091";"2,722209454";"1,803502679";"-0,001071392";"1,034059882"
701;"-0,003118597";"-0,003156118";"0,440509647";"1,050055385";"0,55614531";"2,73099494";"2,721116543";"1,803758144";"-0,001337486";"1,033759236"
700;"-0,003214707";"-0,003244769";"0,441940963";"1,053110361";"0,557669699";"2,737356901";"2,723917484";"1,804117322";"-0,001159385";"1,033680081"
699;"-0,003304116";"-0,003183666";"0,442533135";"1,056143403";"0,558950782";"2,734305382";"2,72489953";"1,803442121";"-0,001119677";"1,034353375"
698;"-0,002964056";"-0,00321666";"0,444130749";"1,059429646";"0,56065011";"2,7369349";"2,723413467";"1,803819299";"-0,001020054";"1,033476114"
697;"-0,002906308";"-0,00322961";"0,445727557";"1,063870907";"0,562171698";"2,735297441";"2,728087902";"1,803443789";"-0,001169815";"1,033962131"
696;"-0,003090479";"-0,003152418";"0,447084844";"1,067625046";"0,564486027";"2,735037088";"2,724497557";"1,805965424";"-0,001185924";"1,034357309"
695;"-0,003056859";"-0,003063285";"0,448770851";"1,070954323";"0,565987885";"2,735132217";"2,727936506";"1,805022597";"-0,000732473";"1,034381628"
694;"-0,002862902";"-0,003109807";"0,450490326";"1,075979352";"0,568305492";"2,735041142";"2,727298975";"1,803500652";"-0,001031831";"1,03460896"
693;"-0,002811827";"-0,003068683";"0,452484101";"1,080328226";"0,569784582";"2,739050865";"2,725549221";"1,805461645";"-0,000849264";"1,034384847"
692;"-0,002930632";"-0,002767537";"0,454183698";"1,085436225";"0,572953105";"2,7398808";"2,727701664";"1,805048466";"-0,00079697";"1,035030007"
691;"-0,002817742";"-0,002701222";"0,456365913";"1,090731859";"0,574923515";"2,734451294";"2,726356268";"1,807201743";"-0,00072596";"1,034509897"
690;"-0,002830859";"-0,00275766";"0,458086729";"1,096097589";"0,577562332";"2,738778591";"2,725670815";"1,806001663";"-0,000875461";"1,034523726"
689;"-0,002591463";"-0,003015627";"0,46044308";"1,101809502";"0,579945505";"2,739492893";"2,732716084";"1,806456447";"-0,000970415";"1,034461737"
688;"-0,002704772";"-0,002755499";"0,4624452";"1,10699439";"0,5823856";"2,740291834";"2,724961281";"1,80629158";"-0,000938801";"1,034815788"
687;"-0,002618635";"-0,002618841";"0,464761347";"1,112735152";"0,584815145";"2,743354797";"2,72934413";"1,807288289";"-0,000743636";"1,035027623"
686;"-0,002561355";"-0,002652958";"0,467010289";"1,118719339";"0,587963879";"2,742129564";"2,731873989";"1,806903958";"-0,000770149";"1,035096288"
685;"-0,002436066";"-0,002725712";"0,469248742";"1,124440551";"0,590831101";"2,739740849";"2,7292099";"1,807154775";"-0,000710299";"1,035172462"
684;"-0,002712849";"-0,002729364";"0,472277701";"1,131205559";"0,593713105";"2,735790253";"2,72787714";"1,806715369";"-0,000662744";"1,035201073"
683;"-0,002818514";"-0,002806838";"0,474808365";"1,137809873";"0,596477091";"2,739281416";"2,734536171";"1,807567239";"-0,000677787";"1,035029173"
682;"-0,002595065";"-0,002896537";"0,476983428";"1,144018769";"0,599820554";"2,738345623";"2,732021809";"1,806167126";"-0,000712108";"1,035295725"
681;"-0,002629545";"-0,002475551";"0,479900807";"1,15081203";"0,602816701";"2,74156785";"2,729595423";"1,807418466";"-0,000711902";"1,035624385"
680;"-0,002546327";"-0,002592183";"0,48251158";"1,157441497";"0,605729401";"2,743006229";"2,731393576";"1,806658745";"-0,00071185";"1,035616994"
679;"-0,002575766";"-0,002413207";"0,484772742";"1,164573073";"0,608770192";"2,742763758";"2,727073908";"1,808513999";"-0,000645323";"1,035802245"
678;"-0,002590485";"-0,002577876";"0,487613648";"1,17073977";"0,611554503";"2,74275279";"2,730565548";"1,808418632";"-0,000741466";"1,03582418"
677;"-0,002572163";"-0,002518121";"0,490025699";"1,177309155";"0,614593446";"2,744562626";"2,732438326";"1,807582498";"-0,000552573";"1,035862923"
676;"-0,0024703";"-0,002530937";"0,492557287";"1,183864474";"0,617707551";"2,743262053";"2,730803013";"1,809050679";"-0,00042484";"1,036163807"
675;"-0,002495833";"-0,002389523";"0,494774491";"1,190762162";"0,620697975";"2,746030569";"2,730577707";"1,807697535";"-0,000524495";"1,035825014"
674;"-0,002699575";"-0,002367949";"0,497445345";"1,196531415";"0,623549044";"2,745246887";"2,735517502";"1,808100343";"-0,000587266";"1,036082387"
673;"-0,002578442";"-0,002301212";"0,499967873";"1,203117371";"0,626377165";"2,742878914";"2,732485294";"1,807479978";"-0,000432288";"1,036202312"
672;"-0,002404248";"-0,002402704";"0,501929581";"1,208485126";"0,629281044";"2,743777514";"2,736893177";"1,80793643";"-0,000327231";"1,035799742"
671;"-0,002494082";"-0,002372686";"0,504259944";"1,214557886";"0,63165915";"2,746367216";"2,736606598";"1,809143662";"-0,000291585";"1,036463618"
670;"-0,002490685";"-0,002367537";"0,506311119";"1,220038176";"0,634450376";"2,745954752";"2,734358788";"1,808328867";"-0,00030664";"1,036739469"
669;"-0,002012468";"-0,001919339";"0,508699954";"1,226161122";"0,636802435";"2,746479511";"2,735688686";"1,809036851";"-7,67E-05";"1,03687489"
668;"-0,001807733";"-0,001301613";"0,511147559";"1,230980992";"0,639245749";"2,743055344";"2,734484196";"1,808516145";"0,000214907";"1,037299395"
667;"-0,001752048";"-0,001565863";"0,51291132";"1,235472679";"0,641537547";"2,745342731";"2,735152006";"1,809108973";"8,04E-05";"1,037064791"
666;"-0,00227366";"-0,002208608";"0,513982534";"1,240355253";"0,643184662";"2,745250702";"2,735461235";"1,809010386";"5,59E-06";"1,036882043"
665;"-0,002347816";"-0,002127319";"0,515546501";"1,244184375";"0,645026326";"2,748609066";"2,736540556";"1,810563803";"-0,000237775";"1,036450982"
664;"-0,002435345";"-0,002353789";"0,517133176";"1,248096108";"0,646873653";"2,746707201";"2,736477613";"1,809613228";"-0,000427581";"1,036658287"
663;"-0,002290037";"-0,002509731";"0,518503189";"1,251918435";"0,648139834";"2,747643948";"2,73598814";"1,809377909";"-0,000460629";"1,036666274"
662;"-0,00257906";"-0,002446002";"0,519670546";"1,255678773";"0,649505973";"2,747512341";"2,736048937";"1,810172439";"-0,00067329";"1,036675453"
661;"-0,002875605";"-0,002629287";"0,520960927";"1,258468151";"0,651297391";"2,744403601";"2,735132217";"1,80933547";"-0,00054978";"1,036696792"
660;"-0,00284238";"-0,002756116";"0,521992743";"1,262290359";"0,652307212";"2,748395443";"2,737286329";"1,810167909";"-0,000798986";"1,03641212"
659;"-0,002691086";"-0,002892371";"0,523194671";"1,265005946";"0,65363127";"2,745445728";"2,735248566";"1,809447646";"-0,000828957";"1,036762357"
658;"-0,00262939";"-0,00276301";"0,524296284";"1,268075347";"0,654538095";"2,74669981";"2,736167908";"1,810795188";"-0,000952025";"1,036558867"
657;"-0,002948013";"-0,002697517";"0,52523005";"1,270050883";"0,655902147";"2,747007847";"2,737103939";"1,810020924";"-0,000920099";"1,036416411"
656;"-0,002952332";"-0,002680692";"0,525893629";"1,272205949";"0,656385362";"2,74953723";"2,736202478";"1,80942297";"-0,001035188";"1,036722779"
655;"-0,003001437";"-0,002929604";"0,526570618";"1,273958564";"0,657183945";"2,744061232";"2,737251282";"1,809273362";"-0,001144617";"1,036884427"
654;"-0,003221542";"-0,003119985";"0,526873946";"1,276003957";"0,657378674";"2,746872425";"2,737564087";"1,810394406";"-0,001368194";"1,036794066"
653;"-0,003329086";"-0,0030766";"0,527567864";"1,277563572";"0,658209086";"2,745979548";"2,739233732";"1,810721397";"-0,001365665";"1,036527753"
652;"-0,003385083";"-0,003280173";"0,527870417";"1,279322267";"0,658252716";"2,745664835";"2,739790916";"1,810181499";"-0,001241217";"1,036357999"
651;"-0,003370751";"-0,003267636";"0,528411388";"1,280691624";"0,658738077";"2,747092009";"2,73814106";"1,80972147";"-0,001317821";"1,03686285"
650;"-0,003578397";"-0,003583377";"0,528468788";"1,281863928";"0,659103453";"2,747643709";"2,73986268";"1,809623718";"-0,001676552";"1,03621006"
649;"-0,003632718";"-0,003479645";"0,528937876";"1,282125473";"0,659235656";"2,748133898";"2,736862421";"1,809845328";"-0,001644834";"1,036204457"
648;"-0,003903148";"-0,003738519";"0,529030263";"1,282814026";"0,659027994";"2,746661186";"2,733788252";"1,809009314";"-0,00176963";"1,036451101"
647;"-0,003852914";"-0,003643038";"0,528894544";"1,283523798";"0,659265816";"2,747654438";"2,737577438";"1,80970943";"-0,001907535";"1,036202788"
646;"-0,004081307";"-0,004023553";"0,528858066";"1,283881187";"0,659058094";"2,74541688";"2,737816572";"1,809760213";"-0,002188931";"1,036071181"
645;"-0,004064433";"-0,003782248";"0,528746724";"1,284489512";"0,6586532";"2,745466232";"2,736567259";"1,808274031";"-0,002070799";"1,035727382"
644;"-0,00423745";"-0,004026785";"0,528992355";"1,284527659";"0,658586979";"2,748793364";"2,738142014";"1,808864117";"-0,002242294";"1,035954952"
643;"-0,004413166";"-0,004097155";"0,528675079";"1,284180403";"0,658308446";"2,74565053";"2,736584425";"1,808940768";"-0,002278243";"1,036041141"
642;"-0,004609864";"-0,004357762";"0,52856946";"1,284605265";"0,658145309";"2,742703676";"2,734385967";"1,809461355";"-0,002411868";"1,035891652"
641;"-0,004554076";"-0,004601258";"0,528505921";"1,283751369";"0,657393932";"2,74703002";"2,734671831";"1,809291482";"-0,002408625";"1,035813928"
640;"-0,004640547";"-0,004472815";"0,528242946";"1,283599734";"0,656966925";"2,745000362";"2,736770153";"1,809037924";"-0,00247205";"1,035829306"
639;"-0,004967576";"-0,004663289";"0,527750194";"1,283656955";"0,656758905";"2,748210669";"2,736947775";"1,80898273";"-0,002668343";"1,035515189"
638;"-0,004736782";"-0,004675069";"0,527790666";"1,283011675";"0,65634197";"2,746468306";"2,739333153";"1,809056282";"-0,002776025";"1,035658479"
637;"-0,004682393";"-0,00459634";"0,52741611";"1,282395959";"0,655813992";"2,741410255";"2,736046791";"1,809111357";"-0,0027395";"1,035675287"
636;"-0,004954627";"-0,004932003";"0,527042151";"1,282165766";"0,655437827";"2,747715712";"2,736211538";"1,808733225";"-0,002944208";"1,035524249"
635;"-0,005075969";"-0,00499849";"0,526941538";"1,281415939";"0,655486047";"2,745565653";"2,737924337";"1,807958245";"-0,002932895";"1,035553336"
634;"-0,004927703";"-0,005037538";"0,5265674";"1,281326771";"0,655011594";"2,742730379";"2,739227533";"1,80827117";"-0,00299028";"1,035349369"
633;"-0,004933897";"-0,005053249";"0,526475072";"1,280264854";"0,654813826";"2,744087696";"2,737184525";"1,808492422";"-0,002994959";"1,03526032"
632;"-0,005083849";"-0,005060925";"0,526650667";"1,280576944";"0,654394507";"2,743403196";"2,736209393";"1,808379054";"-0,002930169";"1,035293579"
631;"-0,005208991";"-0,005035645";"0,526273906";"1,280240893";"0,654209256";"2,746860981";"2,738718748";"1,809375048";"-0,003096956";"1,035259247"
630;"-0,005137778";"-0,004995266";"0,526388884";"1,279726863";"0,654031217";"2,747323751";"2,73853898";"1,808311343";"-0,003085184";"1,035202026"
629;"-0,005117619";"-0,005109126";"0,52633065";"1,279805779";"0,654230654";"2,744254351";"2,738483667";"1,808781505";"-0,003086881";"1,03531599"
628;"-0,005086561";"-0,005268225";"0,526295006";"1,279831886";"0,654382289";"2,747273445";"2,736531258";"1,809195757";"-0,003091559";"1,035315156"
627;"-0,005139467";"-0,005032114";"0,526265383";"1,279963374";"0,654548824";"2,747295618";"2,737006664";"1,809381366";"-0,003029098";"1,035655618"
626;"-0,005257995";"-0,004863458";"0,526478887";"1,280317783";"0,654759526";"2,744829178";"2,738708019";"1,808001995";"-0,002994959";"1,035532951"
625;"-0,005198249";"-0,005083593";"0,526546001";"1,280192375";"0,655176342";"2,746558428";"2,736759901";"1,809533";"-0,003127232";"1,03555274"
624;"-0,005027201";"-0,005060771";"0,526831031";"1,280900002";"0,655288398";"2,746240377";"2,737591267";"1,809919953";"-0,002916953";"1,035919905"
623;"-0,00501108";"-0,004834531";"0,527161062";"1,281117439";"0,655905426";"2,747490406";"2,738577366";"1,80938828";"-0,00279871";"1,035533071"
622;"-0,00510667";"-0,004891102";"0,527710915";"1,282229424";"0,656425118";"2,74505949";"2,737547398";"1,809776664";"-0,002926981";"1,036144972"
621;"-0,004903696";"-0,004812515";"0,528031528";"1,282916546";"0,656895697";"2,746333361";"2,738521814";"1,809558988";"-0,002826127";"1,03619945"
620;"-0,005017477";"-0,004768889";"0,528361321";"1,283892155";"0,65765363";"2,7471807";"2,739658833";"1,809432507";"-0,002666182";"1,036355972"
619;"-0,004833814";"-0,004836477";"0,529006541";"1,285181522";"0,658146918";"2,746211767";"2,738732338";"1,80985868";"-0,002796087";"1,036133766"
618;"-0,004886955";"-0,00462518";"0,529459298";"1,285956025";"0,658546925";"2,746752977";"2,737240314";"1,809138656";"-0,00264632";"1,036152959"
617;"-0,004746973";"-0,004571239";"0,530124426";"1,287379026";"0,659781754";"2,748822451";"2,73998189";"1,809985995";"-0,002591669";"1,036284089"
616;"-0,004679781";"-0,004527127";"0,530557036";"1,288576126";"0,660393536";"2,745794058";"2,737519979";"1,809776902";"-0,002660676";"1,036520243"
615;"-0,004585531";"-0,00461222";"0,53113246";"1,289640427";"0,661065996";"2,751097679";"2,735938072";"1,809820771";"-0,002663558";"1,036774158"
614;"-0,004725054";"-0,004508375";"0,53196168";"1,29143846";"0,661938369";"2,748531103";"2,741448641";"1,810053349";"-0,002600624";"1,036907196"
613;"-0,004672303";"-0,004371191";"0,53223896";"1,292569399";"0,662798584";"2,747927666";"2,738076448";"1,809602141";"-0,002393539";"1,036898971"
612;"-0,004579794";"-0,004586249";"0,532988071";"1,293967128";"0,663786769";"2,749103546";"2,741007805";"1,810731769";"-0,002613129";"1,037049532"
611;"-0,004641674";"-0,004478144";"0,533641517";"1,296248555";"0,664356887";"2,749732256";"2,736472845";"1,810664296";"-0,002451973";"1,036896348"
610;"-0,004657808";"-0,004389027";"0,534231186";"1,297325492";"0,665465295";"2,748518944";"2,73945713";"1,810562849";"-0,002511017";"1,037151456"
609;"-0,004671586";"-0,004656374";"0,534636796";"1,298957705";"0,665975392";"2,747918844";"2,739172697";"1,811225057";"-0,002491457";"1,037033081"
608;"-0,004575798";"-0,004563451";"0,535316587";"1,300021172";"0,666805923";"2,745913506";"2,739007235";"1,811242819";"-0,002654244";"1,037246585"
607;"-0,004294714";"-0,004426182";"0,535733461";"1,301324129";"0,66748625";"2,745462179";"2,739559889";"1,811120272";"-0,002741712";"1,036695361"
606;"-0,004752964";"-0,004533737";"0,536212087";"1,302804708";"0,668130517";"2,747398138";"2,74207902";"1,811388969";"-0,002815376";"1,03724575"
605;"-0,004654069";"-0,004736372";"0,536622524";"1,303717732";"0,668765903";"2,746847153";"2,741232395";"1,810939789";"-0,002861822";"1,036872029"
604;"-0,005123197";"-0,004840624";"0,537105799";"1,305264354";"0,669544995";"2,747251272";"2,740200996";"1,810693383";"-0,002983801";"1,037114024"
603;"-0,005002994";"-0,004917363";"0,537565053";"1,306221366";"0,670108199";"2,749910355";"2,740733862";"1,810492039";"-0,003140956";"1,036823034"
602;"-0,005263672";"-0,005020701";"0,537839353";"1,307651043";"0,670689166";"2,745920658";"2,739804745";"1,811067462";"-0,003306737";"1,036795139"
601;"-0,005417448";"-0,00525687";"0,538234115";"1,308576584";"0,671040416";"2,747429371";"2,738562584";"1,811120868";"-0,003367977";"1,036490083"
600;"-0,005476448";"-0,00541392";"0,538481116";"1,309560895";"0,671530485";"2,74686861";"2,740121365";"1,811082721";"-0,003550514";"1,036498666"
599;"-0,005619569";"-0,005585787";"0,538882196";"1,310831904";"0,671955586";"2,745416164";"2,738300562";"1,810921669";"-0,003770649";"1,03629148"
598;"-0,00568728";"-0,005989524";"0,539111316";"1,311332941";"0,672405899";"2,74610734";"2,737709045";"1,810780883";"-0,003943167";"1,036196828"
597;"-0,005999379";"-0,005801368";"0,539606154";"1,312595844";"0,672665775";"2,746418238";"2,740857124";"1,811006546";"-0,004040172";"1,03564775"
596;"-0,006200158";"-0,006162133";"0,539574921";"1,313262463";"0,672913075";"2,748513937";"2,738552332";"1,810682535";"-0,004149361";"1,03576386"
595;"-0,006429514";"-0,0061117";"0,539577186";"1,313820004";"0,673058033";"2,744331837";"2,738921881";"1,808814287";"-0,00437811";"1,035854816"
594;"-0,006409364";"-0,006387325";"0,53941071";"1,314101219";"0,67341125";"2,746981859";"2,739731789";"1,809755445";"-0,004458108";"1,035797238"
593;"-0,006582622";"-0,006552178";"0,539857745";"1,31417644";"0,673305214";"2,745575905";"2,738758802";"1,809943199";"-0,004541524";"1,035722136"
592;"-0,006715031";"-0,006646716";"0,539806724";"1,314574361";"0,673174501";"2,746210575";"2,739275932";"1,809446096";"-0,004647974";"1,035735726"
591;"-0,006744138";"-0,006451805";"0,539390504";"1,314427257";"0,673279762";"2,747816563";"2,738022804";"1,809680939";"-0,004306504";"1,035680413"
590;"-0,006824466";"-0,006904423";"0,539588273";"1,3138026";"0,673148811";"2,746538639";"2,73927474";"1,808845162";"-0,004699601";"1,035865903"
589;"-0,006821204";"-0,006821154";"0,539281488";"1,313626409";"0,672974706";"2,743163347";"2,74065876";"1,810023308";"-0,004747382";"1,035941839"
588;"-0,006866051";"-0,006532289";"0,539260328";"1,312416792";"0,673063934";"2,745631695";"2,741010904";"1,810222626";"-0,00498938";"1,035799384"
587;"-0,006745922";"-0,007014269";"0,538858473";"1,311974645";"0,672294021";"2,746112347";"2,741121531";"1,809839249";"-0,00469366";"1,035955667"
586;"-0,006841998";"-0,006803417";"0,53838855";"1,311187863";"0,672230482";"2,745793581";"2,739192724";"1,809134126";"-0,004896989";"1,036091566"
585;"-0,007000565";"-0,006937339";"0,537734151";"1,309551954";"0,671341896";"2,748355865";"2,739887476";"1,809802294";"-0,00482808";"1,035964251"
584;"-0,006944828";"-0,006978403";"0,537326634";"1,307701945";"0,670776248";"2,744544983";"2,739848614";"1,809259653";"-0,004828745";"1,036038399"
583;"-0,007046718";"-0,006853261";"0,536786497";"1,305943489";"0,669830501";"2,745279312";"2,741857529";"1,808616519";"-0,004731712";"1,036010385"
582;"-0,006924906";"-0,0067395";"0,535750032";"1,30385375";"0,668696821";"2,745240688";"2,738264561";"1,808955073";"-0,004781691";"1,035833478"
581;"-0,006925263";"-0,006892703";"0,535121024";"1,30265522";"0,668119609";"2,746483564";"2,73999548";"1,808994889";"-0,004839703";"1,035944819"
580;"-0,00707132";"-0,006898563";"0,534472942";"1,299453616";"0,666797042";"2,743855476";"2,738537788";"1,809806466";"-0,004717065";"1,036305785"
579;"-0,006794243";"-0,006845973";"0,533467174";"1,297029614";"0,666239321";"2,747048616";"2,740771055";"1,810211778";"-0,004722647";"1,036448121"
578;"-0,006900703";"-0,006769217";"0,532417834";"1,29575026";"0,664755404";"2,747275591";"2,739762068";"1,809863925";"-0,004707847";"1,036365151"
577;"-0,006803417";"-0,00671865";"0,53150475";"1,292721391";"0,664217114";"2,747983932";"2,739792824";"1,809726954";"-0,004851734";"1,036039233"
576;"-0,007020127";"-0,006908805";"0,530489087";"1,290168405";"0,662773788";"2,747145653";"2,742536545";"1,809396625";"-0,004749021";"1,035885453"
575;"-0,006845565";"-0,006730477";"0,529450536";"1,287463188";"0,661485672";"2,746667147";"2,74144268";"1,810227036";"-0,00462641";"1,03632462"
574;"-0,006889594";"-0,006646461";"0,528646767";"1,28428638";"0,660527587";"2,744313002";"2,741972685";"1,808474302";"-0,004682137";"1,036329389"
573;"-0,006991904";"-0,0066304";"0,527182281";"1,282286644";"0,659095407";"2,746067762";"2,741969824";"1,80950141";"-0,004606227";"1,035997748"
572;"-0,006794294";"-0,006713502";"0,526550949";"1,279024124";"0,657856107";"2,748878479";"2,742288589";"1,809134603";"-0,004628459";"1,035993099"
571;"-0,006860497";"-0,006844138";"0,525154352";"1,276220083";"0,65676713";"2,750453234";"2,739612103";"1,809086561";"-0,004778004";"1,03612411"
570;"-0,006872625";"-0,006777576";"0,524466991";"1,272791028";"0,655555427";"2,746380806";"2,740159035";"1,809209347";"-0,004835248";"1,036043525"
569;"-0,006998272";"-0,006812286";"0,523092091";"1,270858407";"0,654493213";"2,74579978";"2,7387321";"1,808587313";"-0,004880352";"1,036186457"
568;"-0,006817433";"-0,006698616";"0,522032023";"1,26777637";"0,65308553";"2,745147228";"2,740436554";"1,809683442";"-0,004841648";"1,03564918"
567;"-0,006422984";"-0,006414363";"0,522012115";"1,265531778";"0,652061105";"2,748052359";"2,737767458";"1,808951378";"-0,004475172";"1,036346436"
566;"-0,006448796";"-0,006345643";"0,520738125";"1,262712955";"0,651201904";"2,745678186";"2,741458416";"1,809252501";"-0,004550285";"1,036081553"
565;"-0,006445174";"-0,00629962";"0,519860029";"1,260165572";"0,64995563";"2,746734142";"2,738339186";"1,810106039";"-0,004551156";"1,036265254"
564;"-0,006384519";"-0,006389825";"0,518814206";"1,257722855";"0,648632586";"2,74715066";"2,738231659";"1,809745431";"-0,004633786";"1,036488414"
563;"-0,006613064";"-0,006502097";"0,517846942";"1,255261421";"0,647818029";"2,744959116";"2,736382961";"1,80904603";"-0,004586249";"1,036555052"
562;"-0,006402732";"-0,006451244";"0,516803861";"1,252697229";"0,64650023";"2,746242762";"2,738310814";"1,809099317";"-0,004623694";"1,036396265"
561;"-0,006742456";"-0,006551056";"0,516036928";"1,250686646";"0,645832002";"2,745233297";"2,740167618";"1,808547258";"-0,004569548";"1,036171675"
560;"-0,006752651";"-0,006619182";"0,515323341";"1,248646855";"0,644847035";"2,746124268";"2,735916615";"1,808726907";"-0,004740213";"1,036336541"
559;"-0,006673584";"-0,006545854";"0,514338017";"1,24668479";"0,643867612";"2,746010065";"2,734985113";"1,808573484";"-0,004875693";"1,036440969"
558;"-0,006735778";"-0,006722474";"0,513771474";"1,244354367";"0,643415213";"2,745742321";"2,735713482";"1,809773207";"-0,004837296";"1,03624475"
557;"-0,006810502";"-0,006807291";"0,512949467";"1,242910147";"0,642483711";"2,743912697";"2,735936165";"1,8088305";"-0,004871393";"1,036028504"
556;"-0,006966227";"-0,006835984";"0,512174547";"1,241423011";"0,641578794";"2,745545149";"2,736973047";"1,809254408";"-0,005109433";"1,036142588"
555;"-0,006971577";"-0,006855401";"0,511592746";"1,239275455";"0,640908539";"2,745644808";"2,736456633";"1,809041619";"-0,005119001";"1,035988808"
554;"-0,007190392";"-0,00671187";"0,511074662";"1,238372684";"0,640038729";"2,746043921";"2,737328768";"1,808533311";"-0,00523774";"1,036030889"
553;"-0,007044527";"-0,007091083";"0,510649741";"1,237123966";"0,639682353";"2,743764162";"2,736420631";"1,808688283";"-0,005279119";"1,035887241"
552;"-0,00749439";"-0,007193192";"0,510100961";"1,236534595";"0,639391482";"2,74597311";"2,737830877";"1,808331728";"-0,005484883";"1,035843134"
551;"-0,007406552";"-0,007161162";"0,509870231";"1,23514986";"0,639041305";"2,745211124";"2,739665747";"1,807615161";"-0,00541709";"1,035868287"
550;"-0,007610548";"-0,007311875";"0,509350836";"1,235086918";"0,638479054";"2,740460157";"2,738255262";"1,807808995";"-0,005559822";"1,035752535"
549;"-0,007452153";"-0,007228429";"0,509047806";"1,233905792";"0,638413012";"2,744639397";"2,735530138";"1,808178425";"-0,005638069";"1,035890579"
548;"-0,007632219";"-0,007707043";"0,509108424";"1,233410954";"0,637746036";"2,743816137";"2,738600254";"1,807378769";"-0,00571988";"1,035278797"
547;"-0,007754036";"-0,007518765";"0,508868277";"1,2333076";"0,63762337";"2,744873762";"2,733353138";"1,807702661";"-0,006108688";"1,035401583"
546;"-0,007818212";"-0,007685274";"0,508686841";"1,233118892";"0,637921929";"2,742622852";"2,737261534";"1,80842042";"-0,00585955";"1,035273314"
545;"-0,008048035";"-0,007849736";"0,508307278";"1,233949184";"0,637894929";"2,743558884";"2,736804247";"1,808215618";"-0,006034406";"1,03516233"
544;"-0,008007783";"-0,008102869";"0,508457661";"1,23375237";"0,637777686";"2,742976427";"2,737664938";"1,806478381";"-0,006165043";"1,034964085"
543;"-0,0081455";"-0,008013679";"0,508525491";"1,233671188";"0,637909353";"2,742259979";"2,736400366";"1,80717814";"-0,006304008";"1,034918904"
542;"-0,008350927";"-0,00811171";"0,50911665";"1,234353185";"0,638300836";"2,741119146";"2,735666752";"1,806397438";"-0,00625201";"1,034951806"
541;"-0,008345848";"-0,008219422";"0,508946776";"1,235075593";"0,638442099";"2,745839357";"2,734495163";"1,806079865";"-0,006388601";"1,034492373"
540;"-0,008483458";"-0,008440098";"0,509470642";"1,235845208";"0,638967395";"2,74258852";"2,736227512";"1,806007504";"-0,006516224";"1,034803391"
539;"-0,008615187";"-0,008501633";"0,509786487";"1,237268806";"0,639153659";"2,744111538";"2,73410511";"1,8064183";"-0,006685157";"1,034245253"
538;"-0,008668781";"-0,008568693";"0,510037422";"1,238092661";"0,639624059";"2,743104219";"2,735148668";"1,806657314";"-0,006559521";"1,034446597"
537;"-0,008591839";"-0,008514224";"0,510532975";"1,239968181";"0,640432477";"2,742459297";"2,737121344";"1,805875421";"-0,006709067";"1,03416431"
536;"-0,008639397";"-0,008535951";"0,51110208";"1,241287589";"0,641361535";"2,740285873";"2,736049891";"1,80636251";"-0,006840775";"1,034251213"
535;"-0,008558948";"-0,008853265";"0,511817932";"1,2428478";"0,642313778";"2,741758108";"2,737401485";"1,805436373";"-0,006741997";"1,034097433"
534;"-0,008905105";"-0,008735004";"0,512220919";"1,244656444";"0,642527998";"2,741286993";"2,735620975";"1,805684686";"-0,006965463";"1,033580899"
533;"-0,00889846";"-0,008758445";"0,512928069";"1,246999145";"0,643803358";"2,73991251";"2,734636068";"1,805385113";"-0,006829002";"1,033823729"
532;"-0,008833583";"-0,00870334";"0,513637006";"1,249154687";"0,644950628";"2,741057873";"2,735641003";"1,804804087";"-0,006999597";"1,033662319"
531;"-0,008857932";"-0,008799491";"0,514327586";"1,250606298";"0,645592511";"2,742581844";"2,735619545";"1,804542065";"-0,007044324";"1,033405662"
530;"-0,009063833";"-0,008886997";"0,515427232";"1,253106117";"0,646190405";"2,742854357";"2,733475924";"1,804051399";"-0,006989";"1,033370137"
529;"-0,009080362";"-0,008656297";"0,515700281";"1,255600095";"0,647396982";"2,738970518";"2,73751235";"1,804039836";"-0,007048093";"1,033027768"
528;"-0,009010085";"-0,008897548";"0,516236365";"1,256996632";"0,648231924";"2,739455223";"2,735728741";"1,804181933";"-0,007078502";"1,033316135"
527;"-0,008823081";"-0,008902366";"0,517259002";"1,259141445";"0,64901787";"2,743144512";"2,736206293";"1,803210378";"-0,00712261";"1,033066392"
526;"-0,00903625";"-0,008996191";"0,517954528";"1,260901809";"0,649587095";"2,740910769";"2,732933283";"1,803753018";"-0,007086907";"1,032888532"
525;"-0,009012418";"-0,009016069";"0,518678069";"1,262864113";"0,650453925";"2,739308834";"2,731921196";"1,80408442";"-0,007130453";"1,032888532"
524;"-0,009169484";"-0,008899018";"0,519195855";"1,264638543";"0,651908159";"2,74193573";"2,732245445";"1,802651525";"-0,007002042";"1,032482028"
523;"-0,008979152";"-0,008873911";"0,519876242";"1,266414523";"0,652550519";"2,741768599";"2,734678507";"1,803802252";"-0,007288202";"1,03275764"
522;"-0,009153212";"-0,008952578";"0,520181239";"1,267967582";"0,652771473";"2,739761114";"2,732689857";"1,803919554";"-0,007099945";"1,032475114"
521;"-0,009028391";"-0,008955214";"0,521085084";"1,269263983";"0,653382242";"2,73968482";"2,730333328";"1,802517176";"-0,007179291";"1,032438517"
520;"-0,009149411";"-0,009032954";"0,521173835";"1,270545125";"0,654405832";"2,740018845";"2,732546091";"1,80302763";"-0,007115378";"1,032284856"
519;"-0,009150627";"-0,009002377";"0,521824479";"1,27156651";"0,655174971";"2,73809576";"2,733582973";"1,803011656";"-0,007226901";"1,032202601"
518;"-0,008993757";"-0,008941471";"0,522760153";"1,273232818";"0,655677259";"2,7393291";"2,735796928";"1,802389979";"-0,007323074";"1,032741189"
517;"-0,009057901";"-0,009279469";"0,523092389";"1,274054408";"0,656103969";"2,741037369";"2,73372221";"1,803023577";"-0,007129485";"1,032268405"
516;"-0,009115091";"-0,008945934";"0,52334106";"1,275018334";"0,656664312";"2,738992453";"2,733386517";"1,802594185";"-0,007135902";"1,032269239"
515;"-0,009062211";"-0,008920524";"0,523555338";"1,276501656";"0,65707463";"2,739899397";"2,734644413";"1,802395582";"-0,007037345";"1,03188765"
514;"-0,00879599";"-0,00903909";"0,523931384";"1,277455568";"0,657566488";"2,74200058";"2,729861736";"1,801023841";"-0,007373977";"1,031751633"
513;"-0,0092111";"-0,009236999";"0,524351001";"1,277717113";"0,658187985";"2,742456913";"2,732978344";"1,801679254";"-0,007290035";"1,031661391"
512;"-0,009163097";"-0,009207754";"0,524580121";"1,278781056";"0,658174634";"2,73875308";"2,733017206";"1,802445889";"-0,007238409";"1,031611085"
511;"-0,009110578";"-0,008850222";"0,524789095";"1,279416203";"0,658466101";"2,739333153";"2,730911493";"1,801525116";"-0,007260811";"1,031496644"
510;"-0,009197364";"-0,00920005";"0,52470237";"1,278993607";"0,658670485";"2,740981579";"2,728258133";"1,800563812";"-0,007207552";"1,031392574"
509;"-0,009102619";"-0,009006028";"0,524833143";"1,279274821";"0,659040928";"2,736151218";"2,730888605";"1,801430345";"-0,007352191";"1,031591296"
508;"-0,009133493";"-0,008819581";"0,525091291";"1,278892398";"0,658727765";"2,737486601";"2,730534315";"1,800989509";"-0,007311264";"1,031354427"
507;"-0,009251291";"-0,008923314";"0,524963558";"1,279319406";"0,658798873";"2,734916925";"2,732975483";"1,799915075";"-0,007347508";"1,031361103"
506;"-0,008967995";"-0,009283878";"0,524367452";"1,279265881";"0,659238815";"2,739810705";"2,732218742";"1,799969673";"-0,007236779";"1,031062841"
505;"-0,009022001";"-0,009186618";"0,52449286";"1,279028177";"0,658380032";"2,737926722";"2,733914375";"1,799783826";"-0,007388026";"1,030918002"
504;"-0,00905567";"-0,008967487";"0,524755001";"1,27859807";"0,658707559";"2,74104166";"2,729343176";"1,799922824";"-0,007410267";"1,030614614"
503;"-0,009132226";"-0,00911869";"0,524077356";"1,277505279";"0,658530653";"2,738129139";"2,734451532";"1,799453497";"-0,007196095";"1,029986739"
502;"-0,009281344";"-0,008995836";"0,523626208";"1,277088761";"0,658035696";"2,737581968";"2,729539871";"1,799033523";"-0,007380085";"1,030211568"
501;"-0,009250886";"-0,008999689";"0,523568928";"1,276476264";"0,657385528";"2,735283136";"2,733702898";"1,79996562";"-0,007526499";"1,030168653"
500;"-0,009315752";"-0,009027427";"0,522976756";"1,275089145";"0,657547534";"2,734553099";"2,729413509";"1,798810959";"-0,007309991";"1,030086637"
499;"-0,009321478";"-0,009178558";"0,522697628";"1,274338126";"0,656774938";"2,736197233";"2,730834961";"1,79801631";"-0,007399936";"1,030017853"
498;"-0,009464048";"-0,008953744";"0,52236855";"1,273573637";"0,656513572";"2,734021187";"2,729126692";"1,79854846";"-0,007512506";"1,029428124"
497;"-0,009184691";"-0,009400064";"0,521767378";"1,272191048";"0,656083286";"2,732624769";"2,730194807";"1,797478795";"-0,007512709";"1,029692292"
496;"-0,009258387";"-0,00943036";"0,521422982";"1,271263242";"0,655590713";"2,734041929";"2,727020741";"1,798349738";"-0,007642088";"1,029589534"
495;"-0,009400267";"-0,009295989";"0,520656526";"1,270407319";"0,654818416";"2,734927416";"2,727499008";"1,79794836";"-0,007509656";"1,0293051"
494;"-0,009353654";"-0,009317424";"0,52019161";"1,268416405";"0,654717147";"2,733912706";"2,727932453";"1,79765296";"-0,007377846";"1,028924108"
493;"-0,009335261";"-0,009535923";"0,519620955";"1,26629281";"0,653510988";"2,736831665";"2,727248907";"1,797597885";"-0,007491083";"1,029035449"
492;"-0,0095381";"-0,009687028";"0,519152224";"1,265396357";"0,653218389";"2,731715918";"2,724975348";"1,796081901";"-0,007679577";"1,028661609"
491;"-0,009559321";"-0,009440947";"0,518589079";"1,264113903";"0,652162552";"2,73470068";"2,728436232";"1,795530796";"-0,007832195";"1,028595567"
490;"-0,009630319";"-0,009683282";"0,517836988";"1,262904525";"0,651499748";"2,73298049";"2,726621628";"1,797412872";"-0,007941247";"1,028011203"
489;"-0,009823252";"-0,009710317";"0,517028451";"1,260761499";"0,65065372";"2,734392166";"2,728271246";"1,795409679";"-0,007940077";"1,027816534"
488;"-0,009738618";"-0,009788277";"0,5161255";"1,259033084";"0,649953485";"2,734837532";"2,726956844";"1,795552492";"-0,008183352";"1,027813673"
487;"-0,010098404";"-0,009986755";"0,515226543";"1,256486654";"0,648993492";"2,733809233";"2,72364068";"1,795107007";"-0,008151293";"1,02729547"
486;"-0,01016365";"-0,009854429";"0,514531791";"1,254544139";"0,648130357";"2,735274553";"2,727309227";"1,795134783";"-0,008216578";"1,026675224"
485;"-0,010306853";"-0,010013216";"0,513427734";"1,252263904";"0,647020519";"2,73225522";"2,727194786";"1,794308901";"-0,008357783";"1,026390433"
484;"-0,010300129";"-0,010440811";"0,512392581";"1,249799967";"0,646372616";"2,732832909";"2,722982883";"1,794157982";"-0,008502293";"1,026383638"
483;"-0,010456428";"-0,010673697";"0,511575222";"1,246782422";"0,644905448";"2,732406616";"2,726784945";"1,794027805";"-0,008639752";"1,025687695"
482;"-0,010577202";"-0,010478008";"0,510388255";"1,244960189";"0,64349854";"2,731417418";"2,725666523";"1,792705774";"-0,009015511";"1,025382757"
481;"-0,010817792";"-0,010550119";"0,509252727";"1,242267132";"0,64268893";"2,729077578";"2,723284245";"1,793033242";"-0,008837437";"1,025466561"
480;"-0,010744059";"-0,010851877";"0,508267045";"1,239192367";"0,641676724";"2,72986722";"2,721841812";"1,792673707";"-0,009022052";"1,025031567"
479;"-0,010899945";"-0,011056785";"0,507389128";"1,237458348";"0,640223205";"2,729408503";"2,723174095";"1,791324735";"-0,009186364";"1,024469733"
478;"-0,01098501";"-0,010959316";"0,506090224";"1,234753132";"0,638925016";"2,730928898";"2,719017029";"1,792191267";"-0,009248503";"1,024312377"
477;"-0,011279606";"-0,010827539";"0,505043447";"1,231982827";"0,638030648";"2,727677822";"2,721384048";"1,791603804";"-0,009071337";"1,023436666"
476;"-0,011126883";"-0,011009744";"0,503724694";"1,229310632";"0,636757374";"2,723814964";"2,724738598";"1,790654898";"-0,009220527";"1,022980332"
475;"-0,011051234";"-0,011006514";"0,502986193";"1,226929426";"0,635961294";"2,728488207";"2,721188068";"1,791492224";"-0,009374226";"1,02312541"
474;"-0,011128498";"-0,011249691";"0,502134204";"1,22490418";"0,634592235";"2,726776838";"2,722134829";"1,789553642";"-0,009161931";"1,02282846"
473;"-0,011259982";"-0,011057795";"0,500686467";"1,222507954";"0,633540332";"2,729726791";"2,720420122";"1,789658189";"-0,009367943";"1,022589564"
472;"-0,01131537";"-0,010963708";"0,499991119";"1,220773935";"0,632854819";"2,726121902";"2,721440077";"1,790119052";"-0,00930278";"1,022115231"
471;"-0,010939577";"-0,011575312";"0,498985291";"1,218779922";"0,631857455";"2,727069378";"2,717598677";"1,788038015";"-0,00947428";"1,02186811"
470;"-0,011621082";"-0,011266541";"0,498355359";"1,215768933";"0,631078959";"2,725885391";"2,7139709";"1,789701343";"-0,009225798";"1,021849871"
469;"-0,011563466";"-0,011426274";"0,497645766";"1,214189172";"0,630080521";"2,7261374";"2,717939854";"1,788632989";"-0,009410704";"1,021636128"
468;"-0,011616194";"-0,011336857";"0,496982426";"1,213040233";"0,629576802";"2,723976135";"2,717261553";"1,789905906";"-0,009366727";"1,021131516"
467;"-0,011381189";"-0,01147685";"0,496287346";"1,210986733";"0,628801823";"2,722418785";"2,718343973";"1,787996888";"-0,009447179";"1,021122932"
466;"-0,011584689";"-0,011503119";"0,495916009";"1,210544109";"0,628423512";"2,723396301";"2,711075783";"1,786988854";"-0,009230613";"1,020626664"
465;"-0,011409633";"-0,011327979";"0,4955163";"1,209030747";"0,628341794";"2,724111795";"2,717979431";"1,787976503";"-0,009383395";"1,019806027"
464;"-0,011655961";"-0,011102105";"0,495399654";"1,208939195";"0,627768874";"2,72165513";"2,71193409";"1,787592411";"-0,009286462";"1,019955277"
463;"-0,011525655";"-0,011433939";"0,495161742";"1,208658814";"0,628033876";"2,725062609";"2,712862015";"1,78657794";"-0,009350817";"1,019626141"
462;"-0,011177747";"-0,011243991";"0,495513737";"1,209126472";"0,628259003";"2,723371506";"2,716042757";"1,786608338";"-0,009319907";"1,019530177"
461;"-0,011627434";"-0,011538965";"0,495690316";"1,209919333";"0,628494442";"2,722066164";"2,715069056";"1,786113143";"-0,009325026";"1,018580317"
460;"-0,011416592";"-0,011257006";"0,496172398";"1,211070061";"0,629192948";"2,720360041";"2,713043213";"1,786850452";"-0,009203345";"1,018732071"
459;"-0,011275318";"-0,011238895";"0,497031897";"1,21282196";"0,630172491";"2,720667601";"2,710498571";"1,785400391";"-0,009451687";"1,017824411"
458;"-0,011418408";"-0,011372818";"0,497887462";"1,214728951";"0,631434619";"2,719839811";"2,709380865";"1,784846544";"-0,009403611";"1,017763019"
457;"-0,011639934";"-0,01166967";"0,499098003";"1,218151212";"0,632361352";"2,719964266";"2,706066132";"1,784351707";"-0,009380407";"1,017095208"
456;"-0,011393747";"-0,011409481";"0,500119746";"1,221451163";"0,633475363";"2,721175909";"2,706597805";"1,784509182";"-0,009470937";"1,016645789"
455;"-0,011616294";"-0,011424005";"0,501741409";"1,225606084";"0,635609746";"2,718454838";"2,708429098";"1,784608483";"-0,00954438";"1,016675353"
454;"-0,011471707";"-0,011614832";"0,503174126";"1,22978282";"0,637432575";"2,718437195";"2,706703901";"1,783536553";"-0,009497073";"1,016568303"
453;"-0,011354359";"-0,011549955";"0,505009532";"1,234934688";"0,6396662";"2,716661692";"2,710802078";"1,783210039";"-0,009454474";"1,015743494"
452;"-0,01171281";"-0,011551115";"0,507011652";"1,239179254";"0,64158982";"2,716216803";"2,703911543";"1,782288432";"-0,009547976";"1,015648723"
451;"-0,011671233";"-0,011687209";"0,509189963";"1,244768262";"0,644448161";"2,714023352";"2,705631495";"1,782859206";"-0,009553395";"1,015369534"
450;"-0,011638875";"-0,011578538";"0,51121217";"1,250810862";"0,647466302";"2,714790344";"2,702993155";"1,781384706";"-0,009579933";"1,014749646"
449;"-0,011604046";"-0,011755341";"0,51356566";"1,256496668";"0,649151385";"2,712616682";"2,701904297";"1,780549884";"-0,009752437";"1,01416254"
448;"-0,011993063";"-0,011577833";"0,515824676";"1,261980891";"0,652424693";"2,711754322";"2,703470945";"1,780619979";"-0,009654826";"1,013952136"
447;"-0,011671484";"-0,011760531";"0,517954588";"1,268085122";"0,654887021";"2,710963964";"2,702554941";"1,780077934";"-0,00978615";"1,013633013"
446;"-0,012105204";"-0,0117179";"0,520049453";"1,273836255";"0,657869458";"2,711367369";"2,700183868";"1,779556632";"-0,009670218";"1,012952685"
445;"-0,011889809";"-0,011765872";"0,5221138";"1,279170632";"0,660035074";"2,70766449";"2,697392464";"1,778919816";"-0,009908224";"1,013207078"
444;"-0,011896105";"-0,011941942";"0,524134934";"1,284245491";"0,662612557";"2,709630728";"2,700626373";"1,778048396";"-0,009590415";"1,012562156"
443;"-0,012059486";"-0,011857267";"0,525530934";"1,28855288";"0,664228201";"2,707368135";"2,698585272";"1,778383493";"-0,009454372";"1,011802793"
442;"-0,012113865";"-0,011951261";"0,526817739";"1,291609526";"0,665933669";"2,706050873";"2,694525003";"1,777683139";"-0,009561954";"1,011472344"
441;"-0,011969342";"-0,012154795";"0,528217495";"1,294090033";"0,66754657";"2,709509373";"2,698841572";"1,77700448";"-0,009677308";"1,011058211"
440;"-0,011956902";"-0,012302124";"0,528584302";"1,295148969";"0,667499602";"2,707942009";"2,694413185";"1,776412725";"-0,009446925";"1,010629892"
439;"-0,01195121";"-0,011804569";"0,528891265";"1,295945883";"0,668000042";"2,707723379";"2,696389914";"1,776997685";"-0,009274198";"1,010305762"
438;"-0,011892932";"-0,011782802";"0,528467596";"1,296604395";"0,668051958";"2,706546068";"2,694186687";"1,775614858";"-0,009409234";"1,009937644"
437;"-0,012072879";"-0,012004697";"0,527750313";"1,294943571";"0,667331517";"2,705062628";"2,694090366";"1,775972486";"-0,009888135";"1,008877754"
436;"-0,012112605";"-0,012318882";"0,527396321";"1,293784618";"0,666924834";"2,703799009";"2,693276167";"1,775107861";"-0,010281776";"1,008265853"
435;"-0,012411117";"-0,012414488";"0,526414335";"1,29163599";"0,666359663";"2,701463461";"2,689810038";"1,774448991";"-0,010325508";"1,007707834"
434;"-0,012557353";"-0,01226926";"0,526103556";"1,290008903";"0,665627599";"2,706958532";"2,691743374";"1,77339077";"-0,010380763";"1,007612824"
433;"-0,012305245";"-0,012215908";"0,525595546";"1,288776159";"0,665068448";"2,699733257";"2,689665794";"1,773830056";"-0,010300281";"1,0068717"
432;"-0,012596632";"-0,012530896";"0,525380492";"1,287988186";"0,665332735";"2,700552702";"2,691402674";"1,773368597";"-0,010363777";"1,006681085"
431;"-0,012234582";"-0,012496691";"0,525055528";"1,287636638";"0,66480583";"2,69908762";"2,687988281";"1,77290988";"-0,010345781";"1,005740404"
430;"-0,012870486";"-0,012519076";"0,525487423";"1,288585067";"0,665870547";"2,702369928";"2,691943645";"1,772299647";"-0,010436616";"1,005535126"
429;"-0,012496943";"-0,01240196";"0,526034117";"1,290201664";"0,665997446";"2,695937872";"2,688162804";"1,772705555";"-0,01030832";"1,004745007"
428;"-0,012568519";"-0,012488291";"0,526329517";"1,2913239";"0,667277753";"2,700623989";"2,684248924";"1,771704316";"-0,010615298";"1,004537702"
427;"-0,012361706";"-0,013236929";"0,527957082";"1,293910861";"0,668364465";"2,694268465";"2,686976671";"1,771535993";"-0,010646872";"1,003426075"
426;"-0,012740846";"-0,012433053";"0,529126346";"1,297481179";"0,670251846";"2,696782589";"2,688654184";"1,771460652";"-0,01071638";"1,003156304"
425;"-0,013025159";"-0,012524759";"0,530552506";"1,300677419";"0,671555877";"2,688615322";"2,683980703";"1,770698547";"-0,010750877";"1,002878547"
424;"-0,012416551";"-0,012552776";"0,532213569";"1,304066539";"0,673556447";"2,693090677";"2,683057308";"1,769851804";"-0,010849858";"1,00218451"
423;"-0,012615039";"-0,012617906";"0,533608556";"1,307976246";"0,675608516";"2,692300081";"2,684847355";"1,769144058";"-0,010838799";"1,001201034"
422;"-0,012928382";"-0,012987778";"0,535395026";"1,313162327";"0,677310288";"2,686484814";"2,67942667";"1,76870501";"-0,011011662";"1,000748992"
421;"-0,012946523";"-0,012807505";"0,53723675";"1,317237735";"0,679671407";"2,690306187";"2,680129528";"1,76807034";"-0,010930086";"1,000251055"
420;"-0,012786845";"-0,013110412";"0,538703263";"1,321478248";"0,681755483";"2,688323975";"2,67992568";"1,768511415";"-0,010993996";"0,999630511"
419;"-0,012724807";"-0,012732903";"0,540223897";"1,325993538";"0,68401432";"2,688382626";"2,679093122";"1,767929435";"-0,010833345";"0,999101996"
418;"-0,012935217";"-0,01298813";"0,541834533";"1,329880595";"0,686388135";"2,687464714";"2,678738356";"1,767065525";"-0,010995156";"0,998506784"
417;"-0,013077458";"-0,012876919";"0,543148994";"1,333066463";"0,687975943";"2,682623863";"2,67696023";"1,765259862";"-0,011036344";"0,997315824"
416;"-0,013061584";"-0,012994711";"0,544173777";"1,336208582";"0,689689279";"2,684362173";"2,67736721";"1,765149713";"-0,010909033";"0,997181475"
415;"-0,012890138";"-0,013022949";"0,545776725";"1,339519382";"0,691060305";"2,685585976";"2,678861141";"1,766320467";"-0,011003939";"0,996451795"
414;"-0,013094638";"-0,01315577";"0,546406627";"1,341557741";"0,692372024";"2,68403101";"2,678048849";"1,765718341";"-0,010710369";"0,995808005"
413;"-0,013072385";"-0,013124427";"0,546853721";"1,343859076";"0,693478227";"2,682835102";"2,67688036";"1,765102267";"-0,011112703";"0,995350003"
412;"-0,013168427";"-0,012916472";"0,547919214";"1,345001459";"0,694022298";"2,684477568";"2,673366308";"1,764029026";"-0,011098523";"0,994430125"
411;"-0,01318947";"-0,013093685";"0,548059881";"1,346205354";"0,694765866";"2,681488752";"2,672125578";"1,764829636";"-0,010835163";"0,993571281"
410;"-0,012893504";"-0,013325554";"0,548134446";"1,346583724";"0,694853544";"2,677803516";"2,673055172";"1,76294589";"-0,01129484";"0,993197918"
409;"-0,013282123";"-0,0131078";"0,548318386";"1,34635067";"0,694708884";"2,676922321";"2,668575287";"1,763051033";"-0,011329846";"0,992200315"
408;"-0,013289153";"-0,012945719";"0,548222184";"1,345986366";"0,695413292";"2,678133011";"2,671184778";"1,763514519";"-0,01132349";"0,991405666"
407;"-0,013170537";"-0,013096497";"0,547352016";"1,346452355";"0,694877327";"2,680743217";"2,66884923";"1,763130546";"-0,011349012";"0,991057336"
406;"-0,01297396";"-0,013182038";"0,547094941";"1,345654726";"0,695382834";"2,674533367";"2,670428514";"1,761936784";"-0,011375894";"0,990456224"
405;"-0,013085195";"-0,013691613";"0,547484577";"1,345849872";"0,695817411";"2,671952009";"2,670715332";"1,761543036";"-0,011484817";"0,989642263"
404;"-0,013595687";"-0,01347334";"0,548259735";"1,347934484";"0,696471393";"2,674736977";"2,666568995";"1,762646079";"-0,011702278";"0,988836408"
403;"-0,013714589";"-0,013503956";"0,54876858";"1,349696517";"0,69759959";"2,671011209";"2,670661688";"1,761161327";"-0,011447756";"0,988024354"
402;"-0,013581638";"-0,013781701";"0,550263465";"1,352695346";"0,698289335";"2,672252893";"2,663814068";"1,762466669";"-0,011744356";"0,987571895"
401;"-0,01395826";"-0,013690009";"0,552114248";"1,357820034";"0,700685978";"2,674076796";"2,660820723";"1,76019752";"-0,011705654";"0,986619055"
400;"-0,013562218";"-0,013745538";"0,55446589";"1,362693787";"0,703667581";"2,670913935";"2,660773277";"1,760078311";"-0,011457185";"0,985660076"
399;"-0,013713134";"-0,013401111";"0,556942999";"1,368918061";"0,706914008";"2,66959548";"2,66087985";"1,759433031";"-0,01172944";"0,985128284"
398;"-0,013709071";"-0,013878139";"0,561697245";"1,378270626";"0,711706877";"2,67263031";"2,661441803";"1,760262489";"-0,011816257";"0,984510005"
397;"-0,01369959";"-0,013872372";"0,565453231";"1,390468359";"0,717066884";"2,667333364";"2,655714273";"1,759049058";"-0,01125297";"0,984594703"
396;"-0,01396563";"-0,01396548";"0,570135057";"1,404490113";"0,722608626";"2,671378851";"2,662738562";"1,759247541";"-0,01189666";"0,983564615"
395;"-0,014090495";"-0,013450453";"0,576065779";"1,419121265";"0,730156899";"2,670427084";"2,65443635";"1,759467602";"-0,011780585";"0,983044148"
394;"-0,013653236";"-0,013849154";"0,582712591";"1,435152173";"0,738317668";"2,668336868";"2,656775713";"1,759298205";"-0,011774337";"0,981995165"
393;"-0,013748447";"-0,014061275";"0,58996135";"1,454735756";"0,745822668";"2,66779542";"2,662963867";"1,758858442";"-0,011916104";"0,981721282"
392;"-0,013824631";"-0,014040123";"0,598463416";"1,475503087";"0,756589711";"2,667860985";"2,656918287";"1,759276032";"-0,01202061";"0,980756342"
391;"-0,013828794";"-0,013806477";"0,608076692";"1,500468612";"0,767830908";"2,66532135";"2,652791023";"1,758575439";"-0,011696381";"0,980221808"
390;"-0,014391958";"-0,013958361";"0,618426979";"1,526645184";"0,781137884";"2,671161175";"2,654732943";"1,75921464";"-0,012126653";"0,979087055"
389;"-0,014046188";"-0,014385296";"0,629711509";"1,556922317";"0,794287145";"2,65835762";"2,659335375";"1,758296371";"-0,012019704";"0,978232503"
388;"-0,014186312";"-0,014113299";"0,642969966";"1,590365887";"0,810055614";"2,663443089";"2,653489351";"1,759477377";"-0,012151422";"0,978282511"
387;"-0,014475591";"-0,014168273";"0,657326579";"1,628222942";"0,826666176";"2,658929586";"2,653181791";"1,757551312";"-0,012108527";"0,97698015"
386;"-0,014476442";"-0,014426965";"0,674055636";"1,669409037";"0,846562743";"2,661781788";"2,654477835";"1,760222673";"-0,012172113";"0,97537148"
385;"-0,014372224";"-0,014169075";"0,690775275";"1,715075731";"0,867239296";"2,665034056";"2,649498463";"1,757502556";"-0,012157765";"0,975005567"
384;"-0,013448897";"-0,014856542";"0,710009277";"1,762338877";"0,890985787";"2,669222116";"2,657221079";"1,758779883";"-0,012847114";"0,974239469"
383;"-0,014845485";"-0,014875653";"0,729112446";"1,814595819";"0,912447572";"2,667296886";"2,642789364";"1,758832335";"-0,012788655";"0,97305578"
382;"-0,014941987";"-0,015142574";"0,748940945";"1,866951108";"0,938053668";"2,658997297";"2,644432783";"1,757532716";"-0,012913255";"0,972311854"
381;"-0,015514449";"-0,014580335";"0,770042002";"1,918996572";"0,962629795";"2,665658951";"2,649285316";"1,755135894";"-0,012770909";"0,970602453"
380;"-0,015247957";"-0,015098724";"0,790377498";"1,972973228";"0,987263203";"2,654641151";"2,648349285";"1,759068489";"-0,012923307";"0,970773578"
379;"-0,014421356";"-0,0149784";"0,807756424";"2,016826868";"1,006486893";"2,658895254";"2,640384197";"1,75842309";"-0,013145172";"0,970648587"
378;"-0,015558058";"-0,014990754";"0,821754038";"2,055993557";"1,024819136";"2,666776657";"2,65331316";"1,757911205";"-0,012808913";"0,96942693"
377;"-0,015436962";"-0,015359512";"0,828987241";"2,076339722";"1,032940388";"2,654984236";"2,652556181";"1,758607984";"-0,013235824";"0,969133735"
376;"-0,015857156";"-0,015310884";"0,831543744";"2,081563234";"1,037080169";"2,660815477";"2,647319555";"1,75503993";"-0,013555244";"0,967699885"
375;"-0,015398389";"-0,015530485";"0,82917881";"2,073925495";"1,032126427";"2,659865856";"2,649838686";"1,757150769";"-0,013415768";"0,966145694"
374;"-0,015465691";"-0,015601862";"0,822449207";"2,061131954";"1,025884986";"2,658432484";"2,648605108";"1,757647038";"-0,013544956";"0,965217412"
373;"-0,016277542";"-0,014632647";"0,815229893";"2,042852163";"1,018543243";"2,662087202";"2,65426898";"1,757845879";"-0,013179627";"0,96420747"
372;"-0,014972098";"-0,016039759";"0,807120979";"2,027320147";"1,008906364";"2,659117937";"2,647547722";"1,756997824";"-0,014057014";"0,964357197"
371;"-0,01632292";"-0,016656121";"0,804027736";"2,015158653";"1,005009532";"2,664888144";"2,648256302";"1,758364558";"-0,014299291";"0,962045372"
370;"-0,016106963";"-0,016556311";"0,806301475";"2,018062353";"1,007908583";"2,650879383";"2,649504423";"1,757745266";"-0,014611072";"0,961796582"
369;"-0,016137043";"-0,01712944";"0,81163156";"2,026701927";"1,015845656";"2,66698885";"2,652343988";"1,752087474";"-0,014465375";"0,961043537"
368;"-0,010584326";"-0,011135411";"0,826308906";"2,066403389";"1,031134605";"2,662740946";"2,656484127";"1,760130167";"-0,009587276";"0,964654207"
367;"-0,016912887";"-0,016470188";"0,830156267";"2,077651739";"1,037421346";"2,653527975";"2,656455755";"1,762002945";"-0,014856292";"0,958886862"
366;"-0,016838089";"-0,016778372";"0,846139371";"2,118475914";"1,056204557";"2,663269997";"2,651016951";"1,760983229";"-0,014717635";"0,958056748"
365;"-0,016669026";"-0,016883159";"0,861348629";"2,15990901";"1,074054241";"2,655436754";"2,649697542";"1,75710237";"-0,015943551";"0,956522465"
364;"-0,017802948";"-0,017810799";"0,87824142";"2,199201822";"1,095458865";"2,665407896";"2,651787996";"1,76249063";"-0,014693061";"0,955601633"
363;"-0,017566446";"-0,016785344";"0,896867812";"2,268834591";"1,121431231";"2,653258324";"2,659758091";"1,755348682";"-0,016288912";"0,956418216"
362;"-0,017749177";"-0,017982848";"0,920336604";"2,311204672";"1,144172549";"2,656319618";"2,653131485";"1,767332435";"-0,015519645";"0,954414845"
361;"-0,017043479";"-0,017060304";"0,946625888";"2,369888306";"1,171768069";"2,662204266";"2,649805546";"1,755811691";"-0,017080711";"0,953493118"
360;"-0,019107653";"-0,019418873";"0,968791843";"2,440526724";"1,202742815";"2,638159037";"2,641703129";"1,765031338";"-0,014980201";"0,951473117"
359;"-0,019050326";"-0,019316973";"0,993262231";"2,504402876";"1,234829783";"2,647758245";"2,643275499";"1,767461181";"-0,017582256";"0,950746715"
358;"-0,019631011";"-0,020580854";"1,019823551";"2,565718651";"1,274071217";"2,653637886";"2,656921864";"1,768898726";"-0,018231584";"0,948947072"
357;"-0,020739371";"-0,021515615";"1,051547647";"2,632501364";"1,30924511";"2,647706985";"2,658871889";"1,763967752";"-0,018513963";"0,947737694"
356;"-0,019333363";"-0,018278096";"1,082480192";"2,726294279";"1,341754198";"2,660560608";"2,643947363";"1,772157907";"-0,019232582";"0,948755801"
355;"-0,021806702";"-0,021100026";"1,112456083";"2,801685095";"1,371231437";"2,663262129";"2,632863522";"1,769591093";"-0,017449887";"0,945856452"
354;"-0,023362888";"-0,02272753";"1,151343465";"2,893493652";"1,413971424";"2,689404488";"2,673573017";"1,770442367";"-0,019313406";"0,945345104"
353;"-0,02268213";"-0,021774154";"1,186444283";"2,963152885";"1,461916566";"2,658286572";"2,63501358";"1,759943724";"-0,020873947";"0,942755282"
352;"-0,022136608";"-0,020245414";"1,223234177";"3,037143946";"1,521065712";"2,701556683";"2,631350994";"1,775689483";"-0,020031398";"0,94174099"
351;"-0,021368966";"-0,021854507";"1,264587402";"3,194401979";"1,55879283";"2,669385672";"2,614785433";"1,766985655";"-0,018840481";"0,940952599"
350;"-0,025302276";"-0,024719985";"1,299975157";"3,224604607";"1,604216933";"2,647944689";"2,673430681";"1,77474165";"-0,022413315";"0,936010599"
349;"-0,021886457";"-0,025578732";"1,344262958";"3,298826694";"1,654529929";"2,69266963";"2,638147354";"1,764223814";"-0,020126211";"0,941176176"
348;"-0,011405498";"-0,01069663";"1,604242086";"3,866113186";"2,026783705";"2,813638449";"2,752177477";"1,871999502";"-0,007422483";"0,952895761"
347;"-0,009994091";"-0,01030933";"1,647049546";"3,984004974";"2,080820084";"2,815242767";"2,76394105";"1,87711215";"-0,007234895";"0,951488197"
346;"-0,010464261";"-0,010008915";"1,710132599";"4,199206829";"2,155415058";"2,816392422";"2,761051178";"1,873140335";"-0,007311467";"0,950558662"
345;"-0,009966264";"-0,009642066";"1,772842646";"4,388822556";"2,23385191";"2,832789421";"2,765238523";"1,878766656";"-0,007115276";"0,951021433"
344;"-0,009714368";"-0,010170477";"1,842327833";"4,654975891";"2,317527533";"2,820591688";"2,767215014";"1,876330495";"-0,006603682";"0,950559855"
343;"-0,009585605";"-0,009458425";"1,916341543";"4,783800125";"2,402203321";"2,825784922";"2,779111624";"1,882018805";"-0,006951961";"0,949553847"
342;"-0,009350563";"-0,009773294";"1,99428618";"5,326871872";"2,496522427";"2,837961197";"2,770463228";"1,880330086";"-0,006728693";"0,949236691"
341;"-0,009565651";"-0,009466327";"2,073389053";"5,838589668";"2,593292236";"2,826999426";"2,77428031";"1,883627295";"-0,00680882";"0,947730601"
340;"-0,00973396";"-0,009136789";"2,15681076";10;"2,696154594";"2,835549831";"2,778336525";"1,887041569";"-0,006391968";"0,948456705"
339;"-0,009217232";"-0,009390033";"2,255506277";10;"2,819062471";"2,843443155";"2,785946846";"1,890202165";"-0,005973132";"0,94669503"
338;"-0,008993909";"-0,008493663";"2,351247311";10;"2,922211409";"2,848767996";"2,79111433";"1,891798496";"-0,006167646";"0,946474314"
337;"-0,00932386";"-0,008875939";"2,46020031";10;"3,060726404";"2,844050169";"2,785711288";"1,892448783";"-0,00619337";"0,947012365"
336;"-0,008806441";"-0,00899254";"2,5661695";10;"3,195396423";"2,847199202";"2,79159236";"1,895738006";"-0,006342735";"0,94539547"
335;"-0,008888113";"-0,009296142";"2,691899538";10;"3,340129614";"2,853515625";"2,791570425";"1,89709115";"-0,006590169";"0,945379794"
334;"-0,009254383";"-0,008857273";"2,823699951";10;"3,480032921";"2,8497262";"2,797602892";"1,897459865";"-0,005921145";"0,945037425"
333;"-0,008986911";"-0,008973928";"2,954866886";10;"3,658055782";"2,86400342";"2,804417133";"1,904636264";"-0,00579958";"0,944701672"
332;"-0,008788938";"-0,008997154";"3,106871843";10;"3,815219402";"2,862720728";"2,808108807";"1,903686166";"-0,006217562";"0,943560958"
331;"-0,008398866";"-0,009005775";"3,263289213";10;"4,04518652";"2,870413065";"2,814703465";"1,909100413";"-0,005934424";"0,943502247"
330;"-0,009175668";"-0,008800404";"3,414039612";10;"4,249218464";"2,870924711";"2,822573662";"1,913041472";"-0,005792837";"0,943306685"
329;"-0,008823234";"-0,00898757";"3,609711409";10;"4,49296999";"2,882935286";"2,817775726";"1,916717052";"-0,005742514";"0,942707956"
328;"-0,008797969";"-0,00875738";"3,801806211";10;"4,661096096";"2,88638711";"2,826752186";"1,91739881";"-0,005987686";"0,942874849"
327;"-0,008880606";"-0,008895265";"3,978816986";10;"5,022773266";"2,893046379";"2,834479332";"1,919755101";"-0,005695354";"0,943051517"
326;"-0,009015815";"-0,008755502";"4,263375759";10;"5,691372871";"2,893666506";"2,83891201";"1,920765877";"-0,005894894";"0,942603231"
325;"-0,009204054";"-0,009153618";"4,534582138";10;10;"2,901586533";"2,847824335";"1,928335428";"-0,005782415";"0,942097306"
324;"-0,009077523";"-0,008571079";"4,972368717";10;10;"2,894544601";"2,855830908";"1,930654526";"-0,005418726";"0,942093253"
323;"-0,008882635";"-0,008652745";"5,768270969";10;10;"2,91593051";"2,859316349";"1,933275819";"-0,005567796";"0,942017257"
322;"-0,008897091";"-0,009147332";10;10;10;"2,922220945";"2,867054462";"1,937639713";"-0,005504769";"0,941997051"
321;"-0,008425525";"-0,008268037";"5,861041546";10;10;"2,927542448";"2,865925312";"1,941416144";"-0,005778226";"0,941974044"
320;"-0,008694002";"-0,008864627";10;10;10;"2,935219288";"2,880337715";"1,945790529";"-0,005399041";"0,941655338"
319;"-0,008627419";"-0,008511787";10;10;10;"2,942793608";"2,871657372";"1,947051406";"-0,004901801";"0,942045689"
318;"-0,008806188";"-0,008133814";10;10;10;"2,945067883";"2,89174509";"1,953753233";"-0,005076327";"0,943287611"
317;"-0,008338281";"-0,008516661";10;10;10;"2,957337141";"2,898151875";"1,956098437";"-0,005012411";"0,942628622"
316;"-0,008824146";"-0,008198746";10;10;10;"2,962521076";"2,912041903";"1,965593457";"-0,004561504";"0,943282843"
315;"-0,00848686";"-0,008574835";10;10;10;"2,970633507";"2,922846079";"1,96255517";"-0,004524412";"0,944085896"
314;"-0,007962545";"-0,00789041";10;10;10;"2,990318298";"2,918489933";"1,96993804";"-0,004831613";"0,94451201"
313;"-0,008567526";"-0,008283986";10;10;10;"2,999111891";"2,940607309";"1,97962451";"-0,004681215";"0,944424808"
312;"-0,008158355";"-0,007879073";10;10;10;"2,99786377";"2,94238162";"1,980763555";"-0,00470923";"0,945486188"
311;"-0,007909118";"-0,008288303";10;10;10;"3,011431932";"2,955482006";"1,987911344";"-0,005085077";"0,946786344"
310;"-0,008053016";"-0,007983335";10;10;10;"3,02199316";"2,971415997";"1,990690351";"-0,004738984";"0,947036386"
309;"-0,008037465";"-0,008237151";10;10;10;"3,022129774";"2,974012375";"1,998554826";"-0,004757521";"0,948580742"
308;"-0,009159904";"-0,008715823";10;10;10;"3,043223143";"2,985162258";"2,004888296";"-0,005613539";"0,948646605"
307;"-0,007990603";"-0,007873734";10;10;10;"3,045249939";"2,994620562";"2,009413004";"-0,004606176";"0,951347172"
306;"-0,007835397";"-0,007815161";10;10;10;"3,057903528";"3,001573563";"2,015622377";"-0,004717424";"0,951883793"
305;"-0,007638629";"-0,007742594";10;10;10;"3,078758001";"3,017740011";"2,019968987";"-0,004398354";"0,953674734"
304;"-0,00782472";"-0,007845415";10;10;10;"3,076775551";"3,030669212";"2,024363518";"-0,004430026";"0,955873072"
303;"-0,007744679";"-0,007760596";10;10;10;"3,108618021";"3,039487123";"2,033528328";"-0,004151668";"0,958309829"
302;"-0,007675559";"-0,007679373";10;10;10;"3,112303972";"3,050795078";"2,038299084";"-0,004146386";"0,960162759"
301;"-0,007855736";"-0,007691988";10;10;10;"3,118541241";"3,073621988";"2,045001268";"-0,004239962";"0,962702096"
300;"-0,008027503";"-0,007912372";10;10;10;"3,1327672";"3,078067541";"2,051538467";"-0,004171154";"0,966292977"
299;"-0,007811499";"-0,007705161";10;10;10;"3,143157959";"3,092733383";"2,057803631";"-0,004002522";"0,969474793"
298;"-0,007620316";"-0,007552957";10;10;10;"3,161984682";"3,098299742";"2,06410718";"-0,004196176";"0,972818434"
297;"-0,007551634";"-0,007531231";10;10;10;"3,174059391";"3,121029615";"2,071221828";"-0,004132951";"0,97587049"
296;"-0,007642597";"-0,007374944";10;10;10;"3,175301313";"3,134458303";"2,078543663";"-0,004129822";"0,979898155"
295;"-0,007483654";"-0,007651906";10;10;10;"3,199240446";"3,142578125";"2,085675478";"-0,003914539";"0,984044015"
294;"-0,007844245";"-0,007394795";10;10;10;"3,200074434";"3,156879902";"2,092669249";"-0,004150335";"0,989190817"
293;"-0,00766157";"-0,00789097";10;10;10;"3,221662045";"3,176154613";"2,100981236";"-0,004203867";"0,993235052"
292;"-0,007833567";"-0,007466657";10;10;10;"3,238816738";"3,197870255";"2,105761766";"-0,00437606";"0,999473989"
291;"-0,007535759";"-0,007893207";10;10;10;"3,262705803";"3,204473495";"2,117439985";"-0,004128899";"1,005483747"
290;"-0,007281227";"-0,007462484";10;10;10;"3,27143836";"3,221189499";"2,123909235";"-0,003817814";"1,01162684"
289;"-0,00744111";"-0,007328928";10;10;10;"3,290097475";"3,233800173";"2,13168931";"-0,003490944";"1,018847823"
288;"-0,007408842";"-0,007298893";10;10;10;"3,311743736";"3,235606432";"2,141181469";"-0,003495617";"1,026325345"
287;"-0,007481771";"-0,007563539";10;10;10;"3,315273523";"3,259799957";"2,146437168";"-0,003782762";"1,034597278"
286;"-0,007802346";"-0,007392047";10;10;10;"3,335300446";"3,283983707";"2,157974005";"-0,003992109";"1,042511106"
285;"-0,007475257";"-0,007220231";10;10;10;"3,354631901";"3,296696663";"2,164885521";"-0,003683902";"1,052034497"
284;"-0,007478463";"-0,00738095";10;10;10;"3,370022058";"3,315611124";"2,17254734";"-0,003868668";"1,062366962"
283;"-0,007467471";"-0,007215598";10;10;10;"3,380779982";"3,329796076";"2,18097043";"-0,003481443";"1,072796583"
282;"-0,007610955";"-0,007446046";10;10;10;"3,38901186";"3,339395761";"2,188688993";"-0,00381884";"1,083973765"
281;"-0,007310653";"-0,00720465";10;10;10;"3,410289049";"3,365783691";"2,19836545";"-0,003575213";"1,096507072"
280;"-0,007388382";"-0,00736568";10;10;10;"3,426864147";"3,379817724";"2,203977346";"-0,003485603";"1,109852672"
279;"-0,00723958";"-0,007372297";10;10;10;"3,444831848";"3,401011467";"2,213423967";"-0,003572954";"1,124173164"
278;"-0,007374944";"-0,007310449";10;10;10;"3,476417303";"3,417944193";"2,22307229";"-0,003685802";"1,139368534"
277;"-0,007523038";"-0,007416171";10;10;10;"3,483180761";"3,445060253";"2,233244181";"-0,003639187";"1,155643702"
276;"-0,007197725";"-0,007326637";10;10;10;"3,51121664";"3,458911896";"2,243127823";"-0,003711571";"1,172397614"
275;"-0,007691072";"-0,007274099";10;10;10;"3,526655674";"3,473789215";"2,247205496";"-0,003711571";"1,190907717"
274;"-0,007527974";"-0,007602917";10;10;10;"3,532665253";"3,482825518";"2,259057999";"-0,003879084";"1,210324645"
273;"-0,007804787";"-0,007696616";10;10;10;"3,548492908";"3,494419575";"2,265650749";"-0,004018629";"1,231194973"
272;"-0,007992942";"-0,008076342";10;10;10;"3,558419466";"3,51940918";"2,272651672";"-0,00429251";"1,252693892"
271;"-0,008002548";"-0,008212768";10;10;10;"3,575627327";"3,529012203";"2,282149792";"-0,004123105";"1,277174711"
270;"-0,008119993";"-0,008064501";10;10;10;"3,587781191";"3,556631565";"2,287589073";"-0,004070383";"1,301560879"
269;"-0,007717164";"-0,007929199";10;10;10;"3,618267536";"3,580154419";"2,298094988";"-0,003915565";"1,328591108"
268;"-0,00771574";"-0,007832602";10;10;10;"3,636640549";"3,581147671";"2,307298422";"-0,003752223";"1,35716331"
267;"-0,007659739";"-0,007681357";10;10;10;"3,645361662";"3,608742952";"2,313600302";"-0,003754892";"1,387338758"
266;"-0,007454494";"-0,007675101";10;10;10;"3,678097248";"3,617373705";"2,324096203";"-0,003525711";"1,419421673"
265;"-0,007712383";"-0,007352395";10;10;10;"3,675251245";"3,632339716";"2,332045317";"-0,003522938";"1,452301502"
264;"-0,007580787";"-0,007613295";10;10;10;"3,68748951";"3,653338909";"2,339853525";"-0,003638161";"1,488102317"
263;"-0,007389552";"-0,00779716";10;10;10;"3,716941595";"3,661181927";"2,343880177";"-0,003776397";"1,525412321"
262;"-0,007890867";"-0,00772459";10;10;10;"3,722947598";"3,670909405";"2,355577707";"-0,00365079";"1,564041615"
261;"-0,007559011";"-0,007858481";10;10;10;"3,738910437";"3,700855255";"2,363133669";"-0,004035146";"1,605812192"
260;"-0,0079567";"-0,00787109";10;10;10;"3,75670886";"3,718513489";"2,370953083";"-0,003890834";"1,649056554"
259;"-0,007913643";"-0,00810983";10;10;10;"3,775716305";"3,723193169";"2,379196167";"-0,003976155";"1,693942904"
258;"-0,008262296";"-0,008285764";10;"4,480742455";10;"3,792247534";"3,750049591";"2,384480238";"-0,004147873";"1,741954923"
257;"-0,008330409";"-0,008089656";10;"2,963438272";10;"3,799692392";"3,754997015";"2,388492346";"-0,004080076";"1,792170525"
256;"-0,008211497";"-0,008106477";10;"2,114530802";10;"3,81235218";"3,79113698";"2,39840889";"-0,004132336";"1,84631443"
255;"-0,008292418";"-0,007901188";10;"1,770959616";10;"3,835901737";"3,793558598";"2,405156612";"-0,004124079";"1,90178895"
254;"-0,008117045";"-0,008218355";10;"1,525268316";10;"3,843073606";"3,79250741";"2,410238981";"-0,004014371";"1,958943129"
253;"-0,008288506";"-0,007906882";10;"1,382192731";10;"3,856223822";"3,826742411";"2,41855979";"-0,003958199";"2,019068003"
252;"-0,008262043";"-0,008393788";10;"1,349368572";10;"3,863697767";"3,818333626";"2,424566984";"-0,003981438";"2,084071875"
251;"-0,00848361";"-0,00834788";10;"1,367731929";10;"3,877621651";"3,840790272";"2,428961039";"-0,004168385";"2,15244031"
250;"-0,008550673";"-0,008354279";10;"1,395822883";10;"3,860090017";"3,854426622";"2,435244799";"-0,00449367";"2,220239401"
249;"-0,008503919";"-0,008590316";10;"1,423330307";10;"3,880921841";"3,857905149";"2,441223621";"-0,004316038";"2,29468441"
248;"-0,008674871";"-0,008677662";10;"1,438479662";10;"3,896651268";"3,876826525";"2,445596218";"-0,004238014";"2,370834112"
247;"-0,008598387";"-0,00842974";10;"1,458755493";10;"3,89803791";"3,874875307";"2,45209527";"-0,004234784";"2,451849699"
246;"-0,008598133";"-0,008609706";10;"1,460059404";10;"3,904746532";"3,896406889";"2,456024647";"-0,004369961";"2,541603327"
245;"-0,00875672";"-0,008882889";10;"1,44971621";10;"3,922785044";"3,89759326";"2,460883856";"-0,004350381";"2,62865448"
244;"-0,008999081";"-0,008793048";10;"1,509826064";10;"3,919625759";"3,893056393";"2,462755203";"-0,004603973";"2,722444773"
243;"-0,009232387";"-0,008888773";10;"1,591777563";10;"3,939440966";"3,896162271";"2,468783379";"-0,004617957";"2,828802824"
242;"-0,008897953";"-0,009015156";10;"1,612676382";10;"3,943913937";"3,923112869";"2,471481323";"-0,004741544";"2,93469286"
241;"-0,009098157";"-0,009237151";10;"1,609878421";10;"3,952490807";"3,919557333";"2,474067211";"-0,004714812";"3,052978039"
240;"-0,00918753";"-0,009481371";10;"1,606014252";10;"3,932804108";"3,915464401";"2,478806496";"-0,004721623";"3,176448822"
239;"-0,00933977";"-0,00935558";10;"1,189710736";10;"3,928239584";"3,931073666";"2,478241205";"-0,004909173";"3,315422773"
238;"-0,009463338";"-0,009520272";10;"0,028739532";10;"3,943967104";"3,919511318";"2,480797052";"-0,005060259";"3,444797754"
237;"-0,0095616";"-0,009710014";10;"0,092691541";10;"3,97160244";"3,939160824";"2,485322952";"-0,005282443";"3,603517056"
236;"-0,010015492";"-0,009895523";10;"0,011518001";10;"3,952975273";"3,919694901";"2,484353065";"-0,005332922";"3,762905836"
235;"-0,010274091";"-0,010038865";10;"0,00822577";10;"3,937547445";"3,931467295";"2,489707708";"-0,005572907";"3,924279451"
234;"-0,010351039";"-0,010249213";10;"0,007516807";10;"3,944615364";"3,935132265";"2,493151665";"-0,005774343";"4,114600182"
233;"-0,010413315";"-0,010659047";10;"0,007220554";10;"3,977027893";"3,933353662";"2,490276814";"-0,005920379";"4,277616024"
232;"-0,010780321";"-0,010840567";10;"0,007050587";10;"3,932840824";"3,91843605";"2,492918491";"-0,005968485";"4,495638371"
231;"-0,010741987";"-0,01092948";10;"0,007251876";10;"3,948345184";"3,945513964";"2,493843079";"-0,006274208";"4,655515194"
230;"-0,011356679";"-0,0113188";10;"0,007382294";10;"3,955458879";"3,914012671";"2,492285013";"-0,006408905";"4,808444023"
229;"-0,011601576";"-0,011349265";10;"0,007046798";10;"3,944782972";"3,911732435";"2,490031719";"-0,006777678";"5,096131325"
228;"-0,011690031";"-0,0120687";10;"0,007201973";10;"3,94873929";"3,929174662";"2,491281986";"-0,006997712";"5,280940056"
227;"-0,012357026";"-0,012202165";10;"0,006738719";10;"3,942631483";"3,906582117";"2,490298033";"-0,007501158";"5,430636406"
226;"-0,012966121";"-0,012586071";10;"0,006734618";10;"3,929483414";"3,890625238";"2,49246645";"-0,007805092";"6,118701935"
225;"-0,013136934";"-0,013160792";10;"0,006964589";10;"3,944226742";"3,915543079";"2,487569809";"-0,008441621";"5,659039497"
224;"-0,013611242";"-0,013702199";10;"0,007503876";10;"3,915907145";"3,886962175";"2,489162922";"-0,008885171";"5,644974709"
223;"-0,014409888";"-0,014181852";10;"0,008086184";10;"3,900065422";"3,888188362";"2,483596325";"-0,009081883";10
222;"-0,014448049";"-0,014479596";10;"0,008467276";10;"3,928613901";"3,885988712";"2,482207298";"-0,009378785";10
221;"-0,014658324";"-0,014639654";10;"0,008771301";10;"3,905512333";"3,873763561";"2,480489969";"-0,00923411";10
220;"-0,01488586";"-0,014967146";10;"0,008924371";10;"3,893218994";"3,886611462";"2,480529547";"-0,010060516";10
219;"-0,015169673";"-0,015508205";10;"0,009200081";10;"3,881169558";"3,848604679";"2,476438284";"-0,010484982";10
218;"-0,016153904";"-0,015922891";10;"0,009161586";10;"3,859876394";"3,858371735";"2,472725153";"-0,010749311";10
217;"-0,016714809";"-0,016462013";10;"0,008917554";10;"3,883012533";"3,850050688";"2,471314192";"-0,011331964";10
216;"-0,017027101";"-0,01695312";10;"0,009273829";10;"3,866358757";"3,848124504";"2,465981483";"-0,011758364";10
215;"-0,017304344";"-0,017462073";10;"0,009917414";10;"3,848121643";"3,829608917";"2,463508606";"-0,011997294";10
214;"-0,017588422";"-0,017919958";10;"0,011057451";10;"3,845570326";"3,795743465";"2,465592861";"-0,012356674";10
213;"-0,018308127";"-0,018205967";10;"0,010981594";10;"3,875772476";"3,819276333";"2,45928812";"-0,012768195";10
212;"-0,018871265";"-0,018707354";10;"0,01179906";10;"3,822551966";"3,81891346";"2,453995705";"-0,01298813";10
211;"-0,019070543";"-0,018812222";10;"0,012898318";10;"3,823462248";"3,755562305";"2,450541973";"-0,013113627";10
210;"-0,019144213";"-0,019035809";10;"0,014116195";10;"3,762512922";"3,746493101";"2,447407484";"-0,013379926";10
209;"-0,020130115";"-0,020136936";10;"0,014837923";10;"3,760056734";"3,746617794";"2,43695569";"-0,014562512";10
208;"-0,020606084";"-0,020670954";10;"0,015731152";10;"3,743316412";"3,718499899";"2,435837507";"-0,014961194";10
207;"-0,021407554";"-0,021337865";10;"0,01726895";10;"3,745052099";"3,72518301";"2,430730104";"-0,015166723";10
206;"-0,021859085";"-0,021629808";10;"0,018851765";10;"3,730602026";"3,710771084";"2,428017378";"-0,015452301";10
205;"-0,02273839";"-0,022531204";10;"0,021433907";10;"3,7266469";"3,701303482";"2,423277378";"-0,01596556";10
204;"-0,022735246";"-0,022936441";10;"0,031536449";10;"3,722719431";"3,666383743";"2,416110516";"-0,016954862";10
203;"-0,023772987";"-0,023595911";10;"0,034869775";10;"3,695571423";"3,670087814";"2,417850733";"-0,017096989";10
202;"-0,024431139";"-0,02428777";10;"0,03835772";10;"3,697915792";"3,66390729";"2,41199398";"-0,017758571";10
201;"-0,025025254";"-0,025489008";10;"0,034117591";10;"3,677281141";"3,645780563";"2,409410954";"-0,018346542";10
200;"-0,025836766";"-0,02604755";10;"0,026314003";10;"3,685112715";"3,643506289";"2,405180693";"-0,019460209";10
