wavelength;DO1-blank;DO1-blank2;DO1-blank3;1;DO16-blank5;3;DO3side2-blank7;2;blank;mppc
800;-0.001532847;-0.001413969;0.462405324;1.101.322.532;0.581985652;267.398.119;267.125.392;178.992.331;0.0003329952888;1.032.077.193
799;-0.000603397;-0.000319936;0.463849396;1.099.951.029;0.581937552;2.680.555.582;2.670.476.675;1.789.056.301;0.001669614459;1.034.105.659
798;-0.000692518;-0.00075082;0.462610304;1.098.592.401;0.582192302;2.686.817.646;2.671.041.012;1.789.758.086;0.001424508751;1.033.993.602
797;-0.000410099;-0.000436115;0.461962283;1.095.955.014;0.58082211;268.035.984;2.670.171.976;1.790.625.811;0.0008570493665;1.034.213.424
796;-0.000735212;-0.000441649;0.461604714;109.395.051;0.580190659;2.680.960.417;2.665.368.557;1.787.582.755;0.001044122153;1.033.156.991
795;-0.000550401;-0.00038465;0.460818291;1.094.013.929;0.579734087;2.681.261.063;2.670.113.325;1.790.298.223;0.001172040007;1.033.589.602
794;-0.000545696;-0.000222304;0.460645139;10.921.942;0.578422785;2.683.986.425;2.665.008.068;178.897.512;0.001261285623;1.034.387.589
793;-0.001158094;-0.000486073;0.458993137;1.090.762.019;0.577125728;2.686.074.972;2.671.437.025;1.789.412.618;0.001593716908;1.033.330.321
792;-0.000366494;-0.000344613;0.458530337;1.088.731.527;0.576553047;2.678.302.526;2.664.425.373;1.790.345.073;0.001033120207;1.034.066.319
791;-0.000282221;-0.00010379;0.458301872;108.820.045;0.576263666;2.688.813.925;2.670.109.034;178.973.937;0.001195530756;1.034.221.172
790;-0.000678769;-8.44E-06;0.457401544;1.085.741.282;0.575295925;2.685.646.772;2.674.338.341;1.791.077.137;0.001360027585;1.033.589.482
789;-0.000500863;-0.000573255;0.456398159;1.083.975.554;0.573952794;2.688.044.548;2.672.269.821;1.788.302.541;0.001372414059;1.034.439.921
788;-0.000651579;-0.000561311;0.456054777;1.081.683.397;0.573089182;2.689.104.319;2.674.496.889;1.790.975.213;0.001442429144;1.034.168.124
787;-0.00040172;-0.000374357;0.455545872;1.081.816.435;0.572593451;2.686.226.368;2.676.964.521;1.790.349.483;0.001778638107;1.033.854.604
786;-0.000678976;-0.000702081;0.455231339;1.079.439.044;0.571695566;2.683.969.259;2.666.643.858;1.791.458.964;0.00130952429;1.034.574.032
785;-0.00058892;-0.000511464;0.454619676;1.078.511.953;0.57142359;2.687.677.145;2.674.208.641;1.790.882.349;0.001474661753;1.034.619.212
784;-0.000258627;-0.000359045;0.453653842;1.077.132.463;0.570779562;2.682.077.885;2.674.821.377;1.792.391.062;0.001448013238;1.034.206.867
783;-0.000361787;-0.00040984;0.453315407;1.075.587.392;0.570190907;269.053.936;2.680.706.263;1.790.125.728;0.00145985675;1.034.729.242
782;-0.000707922;-0.000637362;0.452402294;107.395.649;0.569217682;2.685.586.691;2.678.757.429;1.793.315.649;0.00114382687;1.033.495.545
781;-0.000581837;-0.000469318;0.451863438;1.072.335.958;0.568527401;2.686.087.132;2.682.478.189;1.791.083.813;0.001192441909;1.034.334.421
780;-0.000569222;-0.000239793;0.45136255;1.071.671.009;0.567146957;2.687.287.569;2.682.257.891;1.790.905.237;0.001509857946;1.033.654.451
779;-0.000194722;-0.000562759;0.451166749;1.068.674.564;0.566886663;2.691.540.956;2.680.862.904;1.791.600.585;0.001734323567;1.034.666.896
778;-0.000318126;-2.54E-05;0.450162828;1.067.480.683;0.566172481;2.688.094.378;2.679.059.267;1.790.529.013;0.001397525775;1.033.903.122
777;-0.000751957;-0.000253195;0.449690044;1.065.847.158;0.566015244;269.329.834;2.684.630.632;1.791.505.694;0.001575296745;1.034.615.755
776;-0.0004477;-0.000222097;0.449404955;1.065.063.596;0.564976275;269.126.153;2.683.357;1.791.816.831;0.001663819654;1.034.506.083
775;-0.000553038;-0.000342492;0.448214233;106.295.681;0.563883603;2.692.092.657;2.680.136.919;1.792.749.643;0.001498584403;1.033.683.777
774;-0.000508206;-0.000693397;0.447784185;1.062.108.159;0.563775599;2.698.479.176;2.684.434.652;1.794.729.233;0.00108857383;1.034.384.966
773;-0.000614512;-0.000247141;0.44744131;1.060.998.797;0.562685132;2.694.873.333;2.686.634.302;1.793.446.064;0.001652334351;1.033.979.535
772;-0.000346423;-0.000303433;0.446831495;1.059.711.099;0.562404931;2.699.886.322;2.682.929.277;1.794.308.782;0.001444273163;1.034.409.404
771;-0.000187891;-0.000243208;0.446392506;1.058.215.618;0.561466992;2.699.507.952;2.684.334.755;1.794.385.791;0.001314405585;1.034.846.544
770;-0.000631055;-0.000489952;0.445608586;1.057.021.141;0.561195016;2.698.354.483;2.685.039.759;1.794.645.667;0.001586883911;1.034.188.509
769;-0.000472679;-0.000210091;0.445468009;105.591.011;0.55966115;2.698.570.728;2.688.708.067;1.794.572.353;0.001472402015;1.035.121.679
768;-0.00046849;-0.000523151;0.444437057;1.053.556.442;0.559509397;2.696.622.849;2.687.885.523;1.795.285.702;0.001091713901;1.034.169.316
767;-0.000518652;-0.000455354;0.44440046;1.052.647.114;0.558828235;2.696.584.225;269.007.659;1.795.648.694;0.001680268673;1.034.491.897
766;-0.000796505;-0.000478058;0.443770737;1.051.193.118;0.558616579;2.700.667.381;269.210.124;1.795.857.906;0.001479648752;10.353.297
765;-0.000150164;-0.000228513;0.443622023;1.050.477.028;0.557476282;2.699.171.543;2.690.624.714;1.796.227.217;0.00160091382;1.034.252.048
764;-0.000293137;-0.000322368;0.442768604;1.049.008.131;0.557141602;2.700.033.665;2.688.916.683;1.794.288.039;0.00132432417;1.035.207.391
763;-0.000260542;-0.000416513;0.442377448;1.047.991.276;0.556515336;2.702.936.649;2.696.391.344;1.796.236.277;0.001571503584;103.445.518
762;-0.000442063;-9.11E-05;0.442295283;1.045.227.408;0.556196094;2.701.877.117;2.690.497.637;1.794.348.359;0.001309212763;1.034.798.622
761;-0.000455096;-0.000371667;0.44131276;1.045.773.983;0.556117475;2.702.009.201;2.692.245.007;1.795.727.849;0.001369168051;1.035.006.404
760;-0.000412426;-0.00029919;0.44078663;1.044.215.798;0.555707693;2.707.254.171;2.695.975.304;1.795.073.509;0.001445701695;1.034.472.585
759;-0.000499571;-0.000321799;0.440219581;1.043.744.922;0.554602802;2.705.365.181;2.697.458.744;1.797.155.261;0.001437182771;1.035.559.416
758;-0.000338715;-0.000439477;0.439982414;1.042.061.925;0.554211438;2.707.015.753;2.692.627.192;1.796.159.983;0.00156906154;1.035.377.026
757;-0.000351027;-0.000616425;0.43974939;1.041.486.621;0.553973854;2.707.938.194;2.695.956.469;1.797.095.776;0.001219541999;1.035.271.287
756;-0.000390547;-0.000169468;0.439205915;1.040.256.023;0.553215027;2.711.934.328;2.692.583.323;179.521.358;0.001851370325;1.035.276.294
755;-0.000271407;-0.000487883;0.438951194;1.038.802.147;0.552949905;2.708.086.729;2.695.864.439;1.798.155.308;0.001950662467;1.035.072.327
754;-0.000228616;-0.000507948;0.438422263;1.037.758.231;0.551792085;270.901.227;2.696.583.986;1.796.275.616;0.001442585024;1.034.873.605
753;-0.000252884;1.67E-05;0.438297868;1.037.029.386;0.552053928;270.875.001;2.699.108.124;1.797.173.738;0.001597744063;1.035.357.952
752;-0.000305244;-8.59E-06;0.43756184;1.036.301.255;0.551398456;2.707.515.001;2.695.747.375;1.796.821.833;0.001403316972;1.034.771.562
751;-0.000156737;-0.000501019;0.437395752;1.035.307.646;0.551111698;2.714.074.373;2.702.785.015;179.740.715;0.001422820613;1.035.558.462
750;-0.000344871;-0.000462646;0.43686077;1.034.324.169;0.550892353;271.086.812;2.699.870.586;1.798.925.996;0.001381632756;1.035.580.277
749;-0.000420961;-0.000339336;0.436444849;1.033.689.499;0.550182223;2.713.922.024;2.704.084.873;1.798.871.636;0.001481415005;103.523.922
748;-0.000196896;-0.000260594;0.436203808;1.031.962.276;0.549279511;2.711.961.031;2.705.414.772;1.797.592.044;0.001504091313;1.035.629.988
747;-0.000316418;-0.000394944;0.435833752;1.032.197.237;0.549165607;2.712.816.715;2.701.632.977;1.799.440.026;0.001302384306;1.035.638.213
746;-0.000414909;-0.000340267;0.435678303;1.030.941.248;0.54879117;2.713.795.424;2.702.584.743;1.798.807.621;0.00137649104;1.036.026.478
745;-0.000222304;-0.00027446;0.435234487;1.029.402.494;0.548513115;2.712.195.873;2.703.630.447;1.799.196.482;0.001756285317;1.035.413.623
744;-0.000519945;-0.00020502;0.435042143;1.029.432.893;0.548092902;2.717.974.663;2.699.473.143;1.799.485.803;0.001636432018;103.548.193
743;9.32E-05;-9.76E-05;0.434485793;1.028.146.267;0.547804415;2.718.048.811;2.703.563.929;1.800.316.215;0.001593457069;1.035.682.321
742;-0.000556502;5.28E-05;0.434630066;1.027.824.044;0.547702372;2.713.853.121;2.705.137.253;1.799.088.001;0.001422768692;1.035.987.496
741;-0.000430891;-9.41E-05;0.434329987;1.026.975.989;0.547431529;2.718.553.543;2.705.954.075;1.800.077.558;0.001545550535;1.035.699.129
740;-0.000377719;-0.00032423;0.433713019;1.026.985.526;0.547188342;2.717.980.146;2.710.018.396;1.798.458.815;0.001513624447;1.035.739.779
739;-0.000319419;-0.000307313;0.433477163;1.025.595.427;0.546993613;2.718.067.646;2.706.967.115;1.800.211.191;0.001297658891;1.035.860.419
738;-0.000543989;-0.000306847;0.433372498;1.024.914.622;0.546484292;2.714.690.447;2.706.568.003;1.800.530.434;0.001469986397;1.035.676.003
737;-0.000658195;-0.000566792;0.433336705;1.024.883.986;0.546184421;2.719.444.752;271.112.299;1.801.534.653;0.001381736598;1.035.704.613
736;-0.000611979;-0.000627178;0.433065772;1.024.449.229;0.546326578;2.720.423.937;2.711.204.767;1.800.901.651;0.001037116162;1.035.821.915
735;-0.000596676;-0.000531631;0.432737351;1.023.811.102;0.545704067;2.723.155.022;2.707.901.239;1.799.368.262;0.001188859809;1.035.350.204
734;-0.000722807;-0.000575736;0.43277961;1.023.452.997;0.545671701;2.723.362.684;2.710.007.191;1.800.631.046;0.001183305052;1.035.630.107
733;-0.001008175;-0.000708439;0.432479054;1.022.520.065;0.545372248;2.717.342.138;2.713.514.328;1.801.253.915;0.001205213019;1.035.655.975
732;-0.000912608;-0.000883469;0.432208568;1.022.523.642;0.545344949;2.720.791.578;2.711.235.046;1.801.851.749;0.001010312815;1.035.421.968
731;-0.000810871;-0.000867814;0.432043284;1.022.075.653;0.545178711;2.726.224.899;2.710.029.602;1.800.762.892;0.001103210379;1.035.772.085
730;-0.001188402;-0.000943398;0.431631506;1.021.725.297;0.545003474;2.721.230.507;2.710.615.873;1.800.976.634;0.0007333211252;1.035.288.811
729;-0.001117456;-0.001228775;0.431854099;1.021.398.187;0.544709265;2.723.011.494;2.712.445.974;18.014.853;0.0008648046642;1.035.514.712
728;-0.001412059;-0.001063903;0.431380063;102.100.122;0.544434071;2.724.499.702;2.712.965.012;1.801.884.055;0.0006506391219;1.035.238.385
727;-0.001566637;-0.001276681;0.431320936;1.021.442.294;0.544431865;2.721.469.641;271.197.176;1.801.857.829;0.0003054582921;1.035.381.913
726;-0.001612133;-0.001522684;0.431103677;1.021.079.302;0.544567704;2.722.985.744;2.711.669.922;1.800.967.455;0.000114586408;1.034.992.099
725;-0.001981805;-0.001752563;0.430899411;1.021.117.926;0.544141173;2.721.796.751;2.715.711.355;1.801.209.927;0.0;103.472.352
724;-0.001892845;-0.002078064;0.430883765;1.020.732.999;0.544208646;272.717.309;271.466.279;1.802.185.416;-0.0002844453848;1.034.723.997
723;-0.002380255;-0.002002625;0.430726051;1.021.390.676;0.544370353;2.723.057.032;2.713.135.958;180.202.651;-0.0001638272806;1.034.849.286
722;-0.002472256;-0.002359762;0.430871666;1.020.974.994;0.54442966;2.724.820.375;2.713.172.436;1.802.624.941;-0.0008399634389;1.034.500.241
721;-0.002421135;-0.002607828;0.430431366;1.020.852.685;0.544386029;2.727.462.769;2.717.036.963;1.800.108.552;-0.00079366297;1.034.164.071
720;-0.002881314;-0.002669115;0.430594921;1.021.581.292;0.544393778;2.726.900.339;2.715.538.025;1.802.127.123;-0.0009417451802;1.034.326.196
719;-0.003204583;-0.003029149;0.4306072;1.021.648.884;0.544354796;2.726.288.557;2.714.179.516;1.802.137.494;-0.001112550497;1.034.006
718;-0.00238906;-0.002395805;0.43147859;1.023.010.612;0.54507184;2.730.230.331;2.717.768.669;1.802.721.143;-0.0004235467059;1.034.345.984
717;-0.00335986;-0.003189371;0.43083474;102.260.685;0.544816136;2.726.891.994;2.720.601.082;1.802.083.254;-0.001228104346;103.356.576
716;-0.003220977;-0.003207821;0.431066603;1.023.104.668;0.544948757;2.726.705.313;271.542.263;1.801.249.504;-0.001270641806;1.033.663.511
715;-0.003273802;-0.003380614;0.431207985;1.023.817.301;0.5452227;2.727.983.952;2.715.893.745;1.801.800.251;-0.001669692807;1.033.898.234
714;-0.00341688;-0.003426177;0.431343466;1.025.038.242;0.545470357;2.726.542.473;271.391.654;1.802.731.037;-0.001471554628;1.033.801.079
713;-0.003597292;-0.003574751;0.432075471;1.026.106.596;0.546079159;2.729.361.773;2.719.022.512;1.800.825.834;-0.001447509858;1.033.604.622
712;-0.003531514;-0.003644835;0.432152748;102.721.262;0.546435475;2.731.486.082;2.720.337.152;1.801.822.066;-0.001698779175;1.033.478.618
711;-0.003481134;-0.003772856;0.432533383;1.028.448.224;0.546922505;2.729.561.806;2.720.614.433;1.801.290.154;-0.001603828743;1.033.526.301
710;-0.003591285;-0.003877339;0.433053523;1.030.353.069;0.54735446;2.731.718.779;271.767.807;1.802.680.492;-0.001672374667;1.033.208.251
709;-0.003725533;-0.003691192;0.433578521;1.031.113.505;0.5480932;2.733.745.575;2.718.370.438;1.803.631.902;-0.001616053283;1.033.450.961
708;-0.003577062;-0.003636107;0.434155405;1.033.043.504;0.548672378;2.729.235.172;2.718.897.104;1.801.830.649;-0.001695530256;1.033.407.688
707;-0.00344287;-0.003663111;0.434844166;1.034.824.133;0.549753189;2.731.092.453;2.720.139.265;1.802.589.536;-0.001805824926;1.033.630.252
706;-0.003430184;-0.003830233;0.435782075;1.036.789.536;0.550481081;2.732.699.394;2.716.631.413;1.802.405.715;-0.00149611407;1.033.786.058
705;-0.003445644;-0.00355986;0.436494589;104.007.268;0.551593959;2.734.764.576;2.724.346.161;1.802.037.477;-0.001518659992;1.033.430.696
704;-0.003418986;-0.003583788;0.437113345;1.041.137.218;0.552378476;2.730.051.041;2.720.913.887;1.803.292.751;-0.00150921871;1.033.312.678
703;-0.003296821;-0.003248161;0.438210845;1.044.751.644;0.553497672;2.733.613.968;2.724.774.361;1.803.907.275;-0.001181173953;1.034.074.545
702;-0.003256177;-0.003626609;0.439121038;1.047.077.537;0.554839194;2.737.883.091;2.722.209.454;1.803.502.679;-0.00107139186;1.034.059.882
701;-0.003118597;-0.003156118;0.440509647;1.050.055.385;0.55614531;273.099.494;2.721.116.543;1.803.758.144;-0.001337485504;1.033.759.236
700;-0.003214707;-0.003244769;0.441940963;1.053.110.361;0.557669699;2.737.356.901;2.723.917.484;1.804.117.322;-0.001159384963;1.033.680.081
699;-0.003304116;-0.003183666;0.442533135;1.056.143.403;0.558950782;2.734.305.382;272.489.953;1.803.442.121;-0.001119676745;1.034.353.375
698;-0.002964056;-0.00321666;0.444130749;1.059.429.646;0.56065011;27.369.349;2.723.413.467;1.803.819.299;-0.001020054333;1.033.476.114
697;-0.002906308;-0.00322961;0.445727557;1.063.870.907;0.562171698;2.735.297.441;2.728.087.902;1.803.443.789;-0.001169814961;1.033.962.131
696;-0.003090479;-0.003152418;0.447084844;1.067.625.046;0.564486027;2.735.037.088;2.724.497.557;1.805.965.424;-0.001185924048;1.034.357.309
695;-0.003056859;-0.003063285;0.448770851;1.070.954.323;0.565987885;2.735.132.217;2.727.936.506;1.805.022.597;-0.0007324725739;1.034.381.628
694;-0.002862902;-0.003109807;0.450490326;1.075.979.352;0.568305492;2.735.041.142;2.727.298.975;1.803.500.652;-0.001031830558;103.460.896
693;-0.002811827;-0.003068683;0.452484101;1.080.328.226;0.569784582;2.739.050.865;2.725.549.221;1.805.461.645;-0.0008492642664;1.034.384.847
692;-0.002930632;-0.002767537;0.454183698;1.085.436.225;0.572953105;27.398.808;2.727.701.664;1.805.048.466;-0.000796970271;1.035.030.007
691;-0.002817742;-0.002701222;0.456365913;1.090.731.859;0.574923515;2.734.451.294;2.726.356.268;1.807.201.743;-0.0007259602426;1.034.509.897
690;-0.002830859;-0.00275766;0.458086729;1.096.097.589;0.577562332;2.738.778.591;2.725.670.815;1.806.001.663;-0.000875460566;1.034.523.726
689;-0.002591463;-0.003015627;0.46044308;1.101.809.502;0.579945505;2.739.492.893;2.732.716.084;1.806.456.447;-0.0009704154218;1.034.461.737
688;-0.002704772;-0.002755499;0.4624452;110.699.439;0.5823856;2.740.291.834;2.724.961.281;180.629.158;-0.000938800571;1.034.815.788
687;-0.002618635;-0.002618841;0.464761347;1.112.735.152;0.584815145;2.743.354.797;272.934.413;1.807.288.289;-0.0007436363376;1.035.027.623
686;-0.002561355;-0.002652958;0.467010289;1.118.719.339;0.587963879;2.742.129.564;2.731.873.989;1.806.903.958;-0.0007701491122;1.035.096.288
685;-0.002436066;-0.002725712;0.469248742;1.124.440.551;0.590831101;2.739.740.849;27.292.099;1.807.154.775;-0.0007102992968;1.035.172.462
684;-0.002712849;-0.002729364;0.472277701;1.131.205.559;0.593713105;2.735.790.253;272.787.714;1.806.715.369;-0.0006627443363;1.035.201.073
683;-0.002818514;-0.002806838;0.474808365;1.137.809.873;0.596477091;2.739.281.416;2.734.536.171;1.807.567.239;-0.0006777867675;1.035.029.173
682;-0.002595065;-0.002896537;0.476983428;1.144.018.769;0.599820554;2.738.345.623;2.732.021.809;1.806.167.126;-0.0007121083327;1.035.295.725
681;-0.002629545;-0.002475551;0.479900807;115.081.203;0.602816701;274.156.785;2.729.595.423;1.807.418.466;-0.0007119015791;1.035.624.385
680;-0.002546327;-0.002592183;0.48251158;1.157.441.497;0.605729401;2.743.006.229;2.731.393.576;1.806.658.745;-0.0007118498906;1.035.616.994
679;-0.002575766;-0.002413207;0.484772742;1.164.573.073;0.608770192;2.742.763.758;2.727.073.908;1.808.513.999;-0.0006453234819;1.035.802.245
678;-0.002590485;-0.002577876;0.487613648;117.073.977;0.611554503;274.275.279;2.730.565.548;1.808.418.632;-0.0007414656575;103.582.418
677;-0.002572163;-0.002518121;0.490025699;1.177.309.155;0.614593446;2.744.562.626;2.732.438.326;1.807.582.498;-0.000552572601;1.035.862.923
676;-0.0024703;-0.002530937;0.492557287;1.183.864.474;0.617707551;2.743.262.053;2.730.803.013;1.809.050.679;-0.0004248397308;1.036.163.807
675;-0.002495833;-0.002389523;0.494774491;1.190.762.162;0.620697975;2.746.030.569;2.730.577.707;1.807.697.535;-0.0005244952627;1.035.825.014
674;-0.002699575;-0.002367949;0.497445345;1.196.531.415;0.623549044;2.745.246.887;2.735.517.502;1.808.100.343;-0.0005872659967;1.036.082.387
673;-0.002578442;-0.002301212;0.499967873;1.203.117.371;0.626377165;2.742.878.914;2.732.485.294;1.807.479.978;-0.0004322875466;1.036.202.312
672;-0.002404248;-0.002402704;0.501929581;1.208.485.126;0.629281044;2.743.777.514;2.736.893.177;180.793.643;-0.0003272306349;1.035.799.742
671;-0.002494082;-0.002372686;0.504259944;1.214.557.886;0.63165915;2.746.367.216;2.736.606.598;1.809.143.662;-0.0002915851946;1.036.463.618
670;-0.002490685;-0.002367537;0.506311119;1.220.038.176;0.634450376;2.745.954.752;2.734.358.788;1.808.328.867;-0.0003066404315;1.036.739.469
669;-0.002012468;-0.001919339;0.508699954;1.226.161.122;0.636802435;2.746.479.511;2.735.688.686;1.809.036.851;0.0;103.687.489
668;-0.001807733;-0.001301613;0.511147559;1.230.980.992;0.639245749;2.743.055.344;2.734.484.196;1.808.516.145;0.0002149067004;1.037.299.395
667;-0.001752048;-0.001565863;0.51291132;1.235.472.679;0.641537547;2.745.342.731;2.735.152.006;1.809.108.973;0.0;1.037.064.791
666;-0.00227366;-0.002208608;0.513982534;1.240.355.253;0.643184662;2.745.250.702;2.735.461.235;1.809.010.386;0.0;1.036.882.043
665;-0.002347816;-0.002127319;0.515546501;1.244.184.375;0.645026326;2.748.609.066;2.736.540.556;1.810.563.803;-0.0002377751807;1.036.450.982
664;-0.002435345;-0.002353789;0.517133176;1.248.096.108;0.646873653;2.746.707.201;2.736.477.613;1.809.613.228;-0.0004275809624;1.036.658.287
663;-0.002290037;-0.002509731;0.518503189;1.251.918.435;0.648139834;2.747.643.948;273.598.814;1.809.377.909;-0.0004606294096;1.036.666.274
662;-0.00257906;-0.002446002;0.519670546;1.255.678.773;0.649505973;2.747.512.341;2.736.048.937;1.810.172.439;-0.0006732895854;1.036.675.453
661;-0.002875605;-0.002629287;0.520960927;1.258.468.151;0.651297391;2.744.403.601;2.735.132.217;180.933.547;-0.0005497804377;1.036.696.792
660;-0.00284238;-0.002756116;0.521992743;1.262.290.359;0.652307212;2.748.395.443;2.737.286.329;1.810.167.909;-0.0007989857113;103.641.212
659;-0.002691086;-0.002892371;0.523194671;1.265.005.946;0.65363127;2.745.445.728;2.735.248.566;1.809.447.646;-0.0008289571851;1.036.762.357
658;-0.00262939;-0.00276301;0.524296284;1.268.075.347;0.654538095;274.669.981;2.736.167.908;1.810.795.188;-0.0009520253516;1.036.558.867
657;-0.002948013;-0.002697517;0.52523005;1.270.050.883;0.655902147;2.747.007.847;2.737.103.939;1.810.020.924;-0.0009200991481;1.036.416.411
656;-0.002952332;-0.002680692;0.525893629;1.272.205.949;0.656385362;274.953.723;2.736.202.478;180.942.297;-0.001035187626;1.036.722.779
655;-0.003001437;-0.002929604;0.526570618;1.273.958.564;0.657183945;2.744.061.232;2.737.251.282;1.809.273.362;-0.001144617447;1.036.884.427
654;-0.003221542;-0.003119985;0.526873946;1.276.003.957;0.657378674;2.746.872.425;2.737.564.087;1.810.394.406;-0.001368194004;1.036.794.066
653;-0.003329086;-0.0030766;0.527567864;1.277.563.572;0.658209086;2.745.979.548;2.739.233.732;1.810.721.397;-0.001365665114;1.036.527.753
652;-0.003385083;-0.003280173;0.527870417;1.279.322.267;0.658252716;2.745.664.835;2.739.790.916;1.810.181.499;-0.001241217018;1.036.357.999
651;-0.003370751;-0.003267636;0.528411388;1.280.691.624;0.658738077;2.747.092.009;273.814.106;180.972.147;-0.001317820512;103.686.285
650;-0.003578397;-0.003583377;0.528468788;1.281.863.928;0.659103453;2.747.643.709;273.986.268;1.809.623.718;-0.001676551998;103.621.006
649;-0.003632718;-0.003479645;0.528937876;1.282.125.473;0.659235656;2.748.133.898;2.736.862.421;1.809.845.328;-0.001644833828;1.036.204.457
648;-0.003903148;-0.003738519;0.529030263;1.282.814.026;0.659027994;2.746.661.186;2.733.788.252;1.809.009.314;-0.001769630355;1.036.451.101
647;-0.003852914;-0.003643038;0.528894544;1.283.523.798;0.659265816;2.747.654.438;2.737.577.438;180.970.943;-0.001907535247;1.036.202.788
646;-0.004081307;-0.004023553;0.528858066;1.283.881.187;0.659058094;274.541.688;2.737.816.572;1.809.760.213;-0.002188931452;1.036.071.181
645;-0.004064433;-0.003782248;0.528746724;1.284.489.512;0.6586532;2.745.466.232;2.736.567.259;1.808.274.031;-0.002070799237;1.035.727.382
644;-0.00423745;-0.004026785;0.528992355;1.284.527.659;0.658586979;2.748.793.364;2.738.142.014;1.808.864.117;-0.002242294373;1.035.954.952
643;-0.004413166;-0.004097155;0.528675079;1.284.180.403;0.658308446;274.565.053;2.736.584.425;1.808.940.768;-0.002278243424;1.036.041.141
642;-0.004609864;-0.004357762;0.52856946;1.284.605.265;0.658145309;2.742.703.676;2.734.385.967;1.809.461.355;-0.00241186819;1.035.891.652
641;-0.004554076;-0.004601258;0.528505921;1.283.751.369;0.657393932;274.703.002;2.734.671.831;1.809.291.482;-0.002408624627;1.035.813.928
640;-0.004640547;-0.004472815;0.528242946;1.283.599.734;0.656966925;2.745.000.362;2.736.770.153;1.809.037.924;-0.002472050255;1.035.829.306
639;-0.004967576;-0.004663289;0.527750194;1.283.656.955;0.656758905;2.748.210.669;2.736.947.775;180.898.273;-0.002668343252;1.035.515.189
638;-0.004736782;-0.004675069;0.527790666;1.283.011.675;0.65634197;2.746.468.306;2.739.333.153;1.809.056.282;-0.002776024863;1.035.658.479
637;-0.004682393;-0.00459634;0.52741611;1.282.395.959;0.655813992;2.741.410.255;2.736.046.791;1.809.111.357;-0.002739499556;1.035.675.287
636;-0.004954627;-0.004932003;0.527042151;1.282.165.766;0.655437827;2.747.715.712;2.736.211.538;1.808.733.225;-0.00294420775;1.035.524.249
635;-0.005075969;-0.00499849;0.526941538;1.281.415.939;0.655486047;2.745.565.653;2.737.924.337;1.807.958.245;-0.002932894742;1.035.553.336
634;-0.004927703;-0.005037538;0.5265674;1.281.326.771;0.655011594;2.742.730.379;2.739.227.533;180.827.117;-0.00299027958;1.035.349.369
633;-0.004933897;-0.005053249;0.526475072;1.280.264.854;0.654813826;2.744.087.696;2.737.184.525;1.808.492.422;-0.002994958544;103.526.032
632;-0.005083849;-0.005060925;0.526650667;1.280.576.944;0.654394507;2.743.403.196;2.736.209.393;1.808.379.054;-0.002930169459;1.035.293.579
631;-0.005208991;-0.005035645;0.526273906;1.280.240.893;0.654209256;2.746.860.981;2.738.718.748;1.809.375.048;-0.003096956061;1.035.259.247
630;-0.005137778;-0.004995266;0.526388884;1.279.726.863;0.654031217;2.747.323.751;273.853.898;1.808.311.343;-0.003085184377;1.035.202.026
629;-0.005117619;-0.005109126;0.52633065;1.279.805.779;0.654230654;2.744.254.351;2.738.483.667;1.808.781.505;-0.003086880781;103.531.599
628;-0.005086561;-0.005268225;0.526295006;1.279.831.886;0.654382289;2.747.273.445;2.736.531.258;1.809.195.757;-0.003091558814;1.035.315.156
627;-0.005139467;-0.005032114;0.526265383;1.279.963.374;0.654548824;2.747.295.618;2.737.006.664;1.809.381.366;-0.00302909757;1.035.655.618
626;-0.005257995;-0.004863458;0.526478887;1.280.317.783;0.654759526;2.744.829.178;2.738.708.019;1.808.001.995;-0.002994958544;1.035.532.951
625;-0.005198249;-0.005083593;0.526546001;1.280.192.375;0.655176342;2.746.558.428;2.736.759.901;1.809.533;-0.003127232194;103.555.274
624;-0.005027201;-0.005060771;0.526831031;1.280.900.002;0.655288398;2.746.240.377;2.737.591.267;1.809.919.953;-0.002916953294;1.035.919.905
623;-0.00501108;-0.004834531;0.527161062;1.281.117.439;0.655905426;2.747.490.406;2.738.577.366;180.938.828;-0.002798710251;1.035.533.071
622;-0.00510667;-0.004891102;0.527710915;1.282.229.424;0.656425118;274.505.949;2.737.547.398;1.809.776.664;-0.002926981077;1.036.144.972
621;-0.004903696;-0.004812515;0.528031528;1.282.916.546;0.656895697;2.746.333.361;2.738.521.814;1.809.558.988;-0.002826126525;103.619.945
620;-0.005017477;-0.004768889;0.528361321;1.283.892.155;0.65765363;27.471.807;2.739.658.833;1.809.432.507;-0.002666182118;1.036.355.972
619;-0.004833814;-0.004836477;0.529006541;1.285.181.522;0.658146918;2.746.211.767;2.738.732.338;180.985.868;-0.002796086716;1.036.133.766
618;-0.004886955;-0.00462518;0.529459298;1.285.956.025;0.658546925;2.746.752.977;2.737.240.314;1.809.138.656;-0.002646320034;1.036.152.959
617;-0.004746973;-0.004571239;0.530124426;1.287.379.026;0.659781754;2.748.822.451;273.998.189;1.809.985.995;-0.002591668861;1.036.284.089
616;-0.004679781;-0.004527127;0.530557036;1.288.576.126;0.660393536;2.745.794.058;2.737.519.979;1.809.776.902;-0.002660676371;1.036.520.243
615;-0.004585531;-0.00461222;0.53113246;1.289.640.427;0.661065996;2.751.097.679;2.735.938.072;1.809.820.771;-0.002663557883;1.036.774.158
614;-0.004725054;-0.004508375;0.53196168;129.143.846;0.661938369;2.748.531.103;2.741.448.641;1.810.053.349;-0.002600623528;1.036.907.196
613;-0.004672303;-0.004371191;0.53223896;1.292.569.399;0.662798584;2.747.927.666;2.738.076.448;1.809.602.141;-0.002393539064;1.036.898.971
612;-0.004579794;-0.004586249;0.532988071;1.293.967.128;0.663786769;2.749.103.546;2.741.007.805;1.810.731.769;-0.002613128629;1.037.049.532
611;-0.004641674;-0.004478144;0.533641517;1.296.248.555;0.664356887;2.749.732.256;2.736.472.845;1.810.664.296;-0.002451973269;1.036.896.348
610;-0.004657808;-0.004389027;0.534231186;1.297.325.492;0.665465295;2.748.518.944;273.945.713;1.810.562.849;-0.00251101749;1.037.151.456
609;-0.004671586;-0.004656374;0.534636796;1.298.957.705;0.665975392;2.747.918.844;2.739.172.697;1.811.225.057;-0.002491456922;1.037.033.081
608;-0.004575798;-0.004563451;0.535316587;1.300.021.172;0.666805923;2.745.913.506;2.739.007.235;1.811.242.819;-0.002654244425;1.037.246.585
607;-0.004294714;-0.004426182;0.535733461;1.301.324.129;0.66748625;2.745.462.179;2.739.559.889;1.811.120.272;-0.00274171168;1.036.695.361
606;-0.004752964;-0.004533737;0.536212087;1.302.804.708;0.668130517;2.747.398.138;274.207.902;1.811.388.969;-0.002815376269;103.724.575
605;-0.004654069;-0.004736372;0.536622524;1.303.717.732;0.668765903;2.746.847.153;2.741.232.395;1.810.939.789;-0.002861821791;1.036.872.029
604;-0.005123197;-0.004840624;0.537105799;1.305.264.354;0.669544995;2.747.251.272;2.740.200.996;1.810.693.383;-0.002983801067;1.037.114.024
603;-0.005002994;-0.004917363;0.537565053;1.306.221.366;0.670108199;2.749.910.355;2.740.733.862;1.810.492.039;-0.003140955931;1.036.823.034
602;-0.005263672;-0.005020701;0.537839353;1.307.651.043;0.670689166;2.745.920.658;2.739.804.745;1.811.067.462;-0.003306736937;1.036.795.139
601;-0.005417448;-0.00525687;0.538234115;1.308.576.584;0.671040416;2.747.429.371;2.738.562.584;1.811.120.868;-0.003367976518;1.036.490.083
600;-0.005476448;-0.00541392;0.538481116;1.309.560.895;0.671530485;274.686.861;2.740.121.365;1.811.082.721;-0.003550514346;1.036.498.666
599;-0.005619569;-0.005585787;0.538882196;1.310.831.904;0.671955586;2.745.416.164;2.738.300.562;1.810.921.669;-0.003770648967;103.629.148
598;-0.00568728;-0.005989524;0.539111316;1.311.332.941;0.672405899;274.610.734;2.737.709.045;1.810.780.883;-0.003943167161;1.036.196.828
597;-0.005999379;-0.005801368;0.539606154;1.312.595.844;0.672665775;2.746.418.238;2.740.857.124;1.811.006.546;-0.004040172324;103.564.775
596;-0.006200158;-0.006162133;0.539574921;1.313.262.463;0.672913075;2.748.513.937;2.738.552.332;1.810.682.535;-0.004149360582;103.576.386
595;-0.006429514;-0.0061117;0.539577186;1.313.820.004;0.673058033;2.744.331.837;2.738.921.881;1.808.814.287;-0.00437811017;1.035.854.816
594;-0.006409364;-0.006387325;0.53941071;1.314.101.219;0.67341125;2.746.981.859;2.739.731.789;1.809.755.445;-0.004458107986;1.035.797.238
593;-0.006582622;-0.006552178;0.539857745;131.417.644;0.673305214;2.745.575.905;2.738.758.802;1.809.943.199;-0.00454152422;1.035.722.136
592;-0.006715031;-0.006646716;0.539806724;1.314.574.361;0.673174501;2.746.210.575;2.739.275.932;1.809.446.096;-0.004647973925;1.035.735.726
591;-0.006744138;-0.006451805;0.539390504;1.314.427.257;0.673279762;2.747.816.563;2.738.022.804;1.809.680.939;-0.004306504037;1.035.680.413
590;-0.006824466;-0.006904423;0.539588273;13.138.026;0.673148811;2.746.538.639;273.927.474;1.808.845.162;-0.004699601326;1.035.865.903
589;-0.006821204;-0.006821154;0.539281488;1.313.626.409;0.672974706;2.743.163.347;274.065.876;1.810.023.308;-0.0047473819;1.035.941.839
588;-0.006866051;-0.006532289;0.539260328;1.312.416.792;0.673063934;2.745.631.695;2.741.010.904;1.810.222.626;-0.004989380017;1.035.799.384
587;-0.006745922;-0.007014269;0.538858473;1.311.974.645;0.672294021;2.746.112.347;2.741.121.531;1.809.839.249;-0.004693660419;1.035.955.667
586;-0.006841998;-0.006803417;0.53838855;1.311.187.863;0.672230482;2.745.793.581;2.739.192.724;1.809.134.126;-0.004896989092;1.036.091.566
585;-0.007000565;-0.006937339;0.537734151;1.309.551.954;0.671341896;2.748.355.865;2.739.887.476;1.809.802.294;-0.004828080069;1.035.964.251
584;-0.006944828;-0.006978403;0.537326634;1.307.701.945;0.670776248;2.744.544.983;2.739.848.614;1.809.259.653;-0.004828745499;1.036.038.399
583;-0.007046718;-0.006853261;0.536786497;1.305.943.489;0.669830501;2.745.279.312;2.741.857.529;1.808.616.519;-0.004731711932;1.036.010.385
582;-0.006924906;-0.0067395;0.535750032;130.385.375;0.668696821;2.745.240.688;2.738.264.561;1.808.955.073;-0.004781690892;1.035.833.478
581;-0.006925263;-0.006892703;0.535121024;130.265.522;0.668119609;2.746.483.564;273.999.548;1.808.994.889;-0.004839702509;1.035.944.819
580;-0.00707132;-0.006898563;0.534472942;1.299.453.616;0.666797042;2.743.855.476;2.738.537.788;1.809.806.466;-0.004717065487;1.036.305.785
579;-0.006794243;-0.006845973;0.533467174;1.297.029.614;0.666239321;2.747.048.616;2.740.771.055;1.810.211.778;-0.004722647369;1.036.448.121
578;-0.006900703;-0.006769217;0.532417834;129.575.026;0.664755404;2.747.275.591;2.739.762.068;1.809.863.925;-0.004707846791;1.036.365.151
577;-0.006803417;-0.00671865;0.53150475;1.292.721.391;0.664217114;2.747.983.932;2.739.792.824;1.809.726.954;-0.0048517338;1.036.039.233
576;-0.007020127;-0.006908805;0.530489087;1.290.168.405;0.662773788;2.747.145.653;2.742.536.545;1.809.396.625;-0.004749021027;1.035.885.453
575;-0.006845565;-0.006730477;0.529450536;1.287.463.188;0.661485672;2.746.667.147;274.144.268;1.810.227.036;-0.004626409616;103.632.462
574;-0.006889594;-0.006646461;0.528646767;128.428.638;0.660527587;2.744.313.002;2.741.972.685;1.808.474.302;-0.0046821367;1.036.329.389
573;-0.006991904;-0.0066304;0.527182281;1.282.286.644;0.659095407;2.746.067.762;2.741.969.824;180.950.141;-0.004606226925;1.035.997.748
572;-0.006794294;-0.006713502;0.526550949;1.279.024.124;0.657856107;2.748.878.479;2.742.288.589;1.809.134.603;-0.004628458526;1.035.993.099
571;-0.006860497;-0.006844138;0.525154352;1.276.220.083;0.65676713;2.750.453.234;2.739.612.103;1.809.086.561;-0.004778004251;103.612.411
570;-0.006872625;-0.006777576;0.524466991;1.272.791.028;0.655555427;2.746.380.806;2.740.159.035;1.809.209.347;-0.004835247993;1.036.043.525
569;-0.006998272;-0.006812286;0.523092091;1.270.858.407;0.654493213;274.579.978;27.387.321;1.808.587.313;-0.004880351946;1.036.186.457
568;-0.006817433;-0.006698616;0.522032023;126.777.637;0.65308553;2.745.147.228;2.740.436.554;1.809.683.442;-0.004841648042;103.564.918
567;-0.006422984;-0.006414363;0.522012115;1.265.531.778;0.652061105;2.748.052.359;2.737.767.458;1.808.951.378;-0.004475171678;1.036.346.436
566;-0.006448796;-0.006345643;0.520738125;1.262.712.955;0.651201904;2.745.678.186;2.741.458.416;1.809.252.501;-0.004550284706;1.036.081.553
565;-0.006445174;-0.00629962;0.519860029;1.260.165.572;0.64995563;2.746.734.142;2.738.339.186;1.810.106.039;-0.004551155958;1.036.265.254
564;-0.006384519;-0.006389825;0.518814206;1.257.722.855;0.648632586;274.715.066;2.738.231.659;1.809.745.431;-0.004633785691;1.036.488.414
563;-0.006613064;-0.006502097;0.517846942;1.255.261.421;0.647818029;2.744.959.116;2.736.382.961;180.904.603;-0.004586248659;1.036.555.052
562;-0.006402732;-0.006451244;0.516803861;1.252.697.229;0.64650023;2.746.242.762;2.738.310.814;1.809.099.317;-0.004623694345;1.036.396.265
561;-0.006742456;-0.006551056;0.516036928;1.250.686.646;0.645832002;2.745.233.297;2.740.167.618;1.808.547.258;-0.004569547717;1.036.171.675
560;-0.006752651;-0.006619182;0.515323341;1.248.646.855;0.644847035;2.746.124.268;2.735.916.615;1.808.726.907;-0.004740212578;1.036.336.541
559;-0.006673584;-0.006545854;0.514338017;124.668.479;0.643867612;2.746.010.065;2.734.985.113;1.808.573.484;-0.004875693005;1.036.440.969
558;-0.006735778;-0.006722474;0.513771474;1.244.354.367;0.643415213;2.745.742.321;2.735.713.482;1.809.773.207;-0.004837295972;103.624.475
557;-0.006810502;-0.006807291;0.512949467;1.242.910.147;0.642483711;2.743.912.697;2.735.936.165;18.088.305;-0.004871392623;1.036.028.504
556;-0.006966227;-0.006835984;0.512174547;1.241.423.011;0.641578794;2.745.545.149;2.736.973.047;1.809.254.408;-0.005109433085;1.036.142.588
555;-0.006971577;-0.006855401;0.511592746;1.239.275.455;0.640908539;2.745.644.808;2.736.456.633;1.809.041.619;-0.005119001027;1.035.988.808
554;-0.007190392;-0.00671187;0.511074662;1.238.372.684;0.640038729;2.746.043.921;2.737.328.768;1.808.533.311;-0.005237739533;1.036.030.889
553;-0.007044527;-0.007091083;0.510649741;1.237.123.966;0.639682353;2.743.764.162;2.736.420.631;1.808.688.283;-0.005279118661;1.035.887.241
552;-0.00749439;-0.007193192;0.510100961;1.236.534.595;0.639391482;274.597.311;2.737.830.877;1.808.331.728;-0.005484883208;1.035.843.134
551;-0.007406552;-0.007161162;0.509870231;123.514.986;0.639041305;2.745.211.124;2.739.665.747;1.807.615.161;-0.005417089909;1.035.868.287
550;-0.007610548;-0.007311875;0.509350836;1.235.086.918;0.638479054;2.740.460.157;2.738.255.262;1.807.808.995;-0.005559822079;1.035.752.535
549;-0.007452153;-0.007228429;0.509047806;1.233.905.792;0.638413012;2.744.639.397;2.735.530.138;1.808.178.425;-0.005638069473;1.035.890.579
548;-0.007632219;-0.007707043;0.509108424;1.233.410.954;0.637746036;2.743.816.137;2.738.600.254;1.807.378.769;-0.005719879642;1.035.278.797
547;-0.007754036;-0.007518765;0.508868277;12.333.076;0.63762337;2.744.873.762;2.733.353.138;1.807.702.661;-0.006108688191;1.035.401.583
546;-0.007818212;-0.007685274;0.508686841;1.233.118.892;0.637921929;2.742.622.852;2.737.261.534;180.842.042;-0.005859549623;1.035.273.314
545;-0.008048035;-0.007849736;0.508307278;1.233.949.184;0.637894929;2.743.558.884;2.736.804.247;1.808.215.618;-0.006034405902;103.516.233
544;-0.008007783;-0.008102869;0.508457661;123.375.237;0.637777686;2.742.976.427;2.737.664.938;1.806.478.381;-0.00616504252;1.034.964.085
543;-0.0081455;-0.008013679;0.508525491;1.233.671.188;0.637909353;2.742.259.979;2.736.400.366;180.717.814;-0.006304008421;1.034.918.904
542;-0.008350927;-0.00811171;0.50911665;1.234.353.185;0.638300836;2.741.119.146;2.735.666.752;1.806.397.438;-0.006252009887;1.034.951.806
541;-0.008345848;-0.008219422;0.508946776;1.235.075.593;0.638442099;2.745.839.357;2.734.495.163;1.806.079.865;-0.006388600916;1.034.492.373
540;-0.008483458;-0.008440098;0.509470642;1.235.845.208;0.638967395;274.258.852;2.736.227.512;1.806.007.504;-0.006516223773;1.034.803.391
539;-0.008615187;-0.008501633;0.509786487;1.237.268.806;0.639153659;2.744.111.538;273.410.511;18.064.183;-0.006685157306;1.034.245.253
538;-0.008668781;-0.008568693;0.510037422;1.238.092.661;0.639624059;2.743.104.219;2.735.148.668;1.806.657.314;-0.006559521426;1.034.446.597
537;-0.008591839;-0.008514224;0.510532975;1.239.968.181;0.640432477;2.742.459.297;2.737.121.344;1.805.875.421;-0.006709066685;103.416.431
536;-0.008639397;-0.008535951;0.51110208;1.241.287.589;0.641361535;2.740.285.873;2.736.049.891;180.636.251;-0.006840774789;1.034.251.213
535;-0.008558948;-0.008853265;0.511817932;12.428.478;0.642313778;2.741.758.108;2.737.401.485;1.805.436.373;-0.00674199732;1.034.097.433
534;-0.008905105;-0.008735004;0.512220919;1.244.656.444;0.642527998;2.741.286.993;2.735.620.975;1.805.684.686;-0.006965462584;1.033.580.899
533;-0.00889846;-0.008758445;0.512928069;1.246.999.145;0.643803358;273.991.251;2.734.636.068;1.805.385.113;-0.006829001941;1.033.823.729
532;-0.008833583;-0.00870334;0.513637006;1.249.154.687;0.644950628;2.741.057.873;2.735.641.003;1.804.804.087;-0.006999596953;1.033.662.319
531;-0.008857932;-0.008799491;0.514327586;1.250.606.298;0.645592511;2.742.581.844;2.735.619.545;1.804.542.065;-0.00704432372;1.033.405.662
530;-0.009063833;-0.008886997;0.515427232;1.253.106.117;0.646190405;2.742.854.357;2.733.475.924;1.804.051.399;-0.006989000365;1.033.370.137
529;-0.009080362;-0.008656297;0.515700281;1.255.600.095;0.647396982;2.738.970.518;273.751.235;1.804.039.836;-0.007048092782;1.033.027.768
528;-0.009010085;-0.008897548;0.516236365;1.256.996.632;0.648231924;2.739.455.223;2.735.728.741;1.804.181.933;-0.007078502327;1.033.316.135
527;-0.008823081;-0.008902366;0.517259002;1.259.141.445;0.64901787;2.743.144.512;2.736.206.293;1.803.210.378;-0.007122609764;1.033.066.392
526;-0.00903625;-0.008996191;0.517954528;1.260.901.809;0.649587095;2.740.910.769;2.732.933.283;1.803.753.018;-0.007086906582;1.032.888.532
525;-0.009012418;-0.009016069;0.518678069;1.262.864.113;0.650453925;2.739.308.834;2.731.921.196;180.408.442;-0.007130452897;1.032.888.532
524;-0.009169484;-0.008899018;0.519195855;1.264.638.543;0.651908159;274.193.573;2.732.245.445;1.802.651.525;-0.007002042141;1.032.482.028
523;-0.008979152;-0.008873911;0.519876242;1.266.414.523;0.652550519;2.741.768.599;2.734.678.507;1.803.802.252;-0.007288201712;103.275.764
522;-0.009153212;-0.008952578;0.520181239;1.267.967.582;0.652771473;2.739.761.114;2.732.689.857;1.803.919.554;-0.007099945098;1.032.475.114
521;-0.009028391;-0.008955214;0.521085084;1.269.263.983;0.653382242;273.968.482;2.730.333.328;1.802.517.176;-0.007179290988;1.032.438.517
520;-0.009149411;-0.009032954;0.521173835;1.270.545.125;0.654405832;2.740.018.845;2.732.546.091;180.302.763;-0.007115377579;1.032.284.856
519;-0.009150627;-0.009002377;0.521824479;127.156.651;0.655174971;273.809.576;2.733.582.973;1.803.011.656;-0.007226901129;1.032.202.601
518;-0.008993757;-0.008941471;0.522760153;1.273.232.818;0.655677259;27.393.291;2.735.796.928;1.802.389.979;-0.007323073689;1.032.741.189
517;-0.009057901;-0.009279469;0.523092389;1.274.054.408;0.656103969;2.741.037.369;273.372.221;1.803.023.577;-0.007129485253;1.032.268.405
516;-0.009115091;-0.008945934;0.52334106;1.275.018.334;0.656664312;2.738.992.453;2.733.386.517;1.802.594.185;-0.007135902066;1.032.269.239
515;-0.009062211;-0.008920524;0.523555338;1.276.501.656;0.65707463;2.739.899.397;2.734.644.413;1.802.395.582;-0.007037344854;103.188.765
514;-0.00879599;-0.00903909;0.523931384;1.277.455.568;0.657566488;274.200.058;2.729.861.736;1.801.023.841;-0.007373976987;1.031.751.633
513;-0.0092111;-0.009236999;0.524351001;1.277.717.113;0.658187985;2.742.456.913;2.732.978.344;1.801.679.254;-0.007290034555;1.031.661.391
512;-0.009163097;-0.009207754;0.524580121;1.278.781.056;0.658174634;273.875.308;2.733.017.206;1.802.445.889;-0.007238408551;1.031.611.085
511;-0.009110578;-0.008850222;0.524789095;1.279.416.203;0.658466101;2.739.333.153;2.730.911.493;1.801.525.116;-0.007260811049;1.031.496.644
510;-0.009197364;-0.00920005;0.52470237;1.278.993.607;0.658670485;2.740.981.579;2.728.258.133;1.800.563.812;-0.007207551971;1.031.392.574
509;-0.009102619;-0.009006028;0.524833143;1.279.274.821;0.659040928;2.736.151.218;2.730.888.605;1.801.430.345;-0.007352191489;1.031.591.296
508;-0.009133493;-0.008819581;0.525091291;1.278.892.398;0.658727765;2.737.486.601;2.730.534.315;1.800.989.509;-0.007311263587;1.031.354.427
507;-0.009251291;-0.008923314;0.524963558;1.279.319.406;0.658798873;2.734.916.925;2.732.975.483;1.799.915.075;-0.007347508334;1.031.361.103
506;-0.008967995;-0.009283878;0.524367452;1.279.265.881;0.659238815;2.739.810.705;2.732.218.742;1.799.969.673;-0.007236779202;1.031.062.841
505;-0.009022001;-0.009186618;0.52449286;1.279.028.177;0.658380032;2.737.926.722;2.733.914.375;1.799.783.826;-0.007388025522;1.030.918.002
504;-0.00905567;-0.008967487;0.524755001;127.859.807;0.658707559;274.104.166;2.729.343.176;1.799.922.824;-0.007410267368;1.030.614.614
503;-0.009132226;-0.00911869;0.524077356;1.277.505.279;0.658530653;2.738.129.139;2.734.451.532;1.799.453.497;-0.007196094841;1.029.986.739
502;-0.009281344;-0.008995836;0.523626208;1.277.088.761;0.658035696;2.737.581.968;2.729.539.871;1.799.033.523;-0.007380085066;1.030.211.568
501;-0.009250886;-0.008999689;0.523568928;1.276.476.264;0.657385528;2.735.283.136;2.733.702.898;179.996.562;-0.007526498754;1.030.168.653
500;-0.009315752;-0.009027427;0.522976756;1.275.089.145;0.657547534;2.734.553.099;2.729.413.509;1.798.810.959;-0.007309990935;1.030.086.637
499;-0.009321478;-0.009178558;0.522697628;1.274.338.126;0.656774938;2.736.197.233;2.730.834.961;179.801.631;-0.007399935741;1.030.017.853
498;-0.009464048;-0.008953744;0.52236855;1.273.573.637;0.656513572;2.734.021.187;2.729.126.692;179.854.846;-0.007512505632;1.029.428.124
497;-0.009184691;-0.009400064;0.521767378;1.272.191.048;0.656083286;2.732.624.769;2.730.194.807;1.797.478.795;-0.007512709126;1.029.692.292
496;-0.009258387;-0.00943036;0.521422982;1.271.263.242;0.655590713;2.734.041.929;2.727.020.741;1.798.349.738;-0.007642087992;1.029.589.534
495;-0.009400267;-0.009295989;0.520656526;1.270.407.319;0.654818416;2.734.927.416;2.727.499.008;179.794.836;-0.00750965625;10.293.051
494;-0.009353654;-0.009317424;0.52019161;1.268.416.405;0.654717147;2.733.912.706;2.727.932.453;179.765.296;-0.007377845701;1.028.924.108
493;-0.009335261;-0.009535923;0.519620955;126.629.281;0.653510988;2.736.831.665;2.727.248.907;1.797.597.885;-0.007491082884;1.029.035.449
492;-0.0095381;-0.009687028;0.519152224;1.265.396.357;0.653218389;2.731.715.918;2.724.975.348;1.796.081.901;-0.007679576986;1.028.661.609
491;-0.009559321;-0.009440947;0.518589079;1.264.113.903;0.652162552;273.470.068;2.728.436.232;1.795.530.796;-0.007832194678;1.028.595.567
490;-0.009630319;-0.009683282;0.517836988;1.262.904.525;0.651499748;273.298.049;2.726.621.628;1.797.412.872;-0.007941246964;1.028.011.203
489;-0.009823252;-0.009710317;0.517028451;1.260.761.499;0.65065372;2.734.392.166;2.728.271.246;1.795.409.679;-0.007940077223;1.027.816.534
488;-0.009738618;-0.009788277;0.5161255;1.259.033.084;0.649953485;2.734.837.532;2.726.956.844;1.795.552.492;-0.008183351718;1.027.813.673
487;-0.010098404;-0.009986755;0.515226543;1.256.486.654;0.648993492;2.733.809.233;272.364.068;1.795.107.007;-0.008151292801;102.729.547
486;-0.01016365;-0.009854429;0.514531791;1.254.544.139;0.648130357;2.735.274.553;2.727.309.227;1.795.134.783;-0.008216577582;1.026.675.224
485;-0.010306853;-0.010013216;0.513427734;1.252.263.904;0.647020519;273.225.522;2.727.194.786;1.794.308.901;-0.008357782848;1.026.390.433
484;-0.010300129;-0.010440811;0.512392581;1.249.799.967;0.646372616;2.732.832.909;2.722.982.883;1.794.157.982;-0.008502293378;1.026.383.638
483;-0.010456428;-0.010673697;0.511575222;1.246.782.422;0.644905448;2.732.406.616;2.726.784.945;1.794.027.805;-0.008639751934;1.025.687.695
482;-0.010577202;-0.010478008;0.510388255;1.244.960.189;0.64349854;2.731.417.418;2.725.666.523;1.792.705.774;-0.00901551079;1.025.382.757
481;-0.010817792;-0.010550119;0.509252727;1.242.267.132;0.64268893;2.729.077.578;2.723.284.245;1.793.033.242;-0.008837437257;1.025.466.561
480;-0.010744059;-0.010851877;0.508267045;1.239.192.367;0.641676724;272.986.722;2.721.841.812;1.792.673.707;-0.0090220524;1.025.031.567
479;-0.010899945;-0.011056785;0.507389128;1.237.458.348;0.640223205;2.729.408.503;2.723.174.095;1.791.324.735;-0.009186363779;1.024.469.733
478;-0.01098501;-0.010959316;0.506090224;1.234.753.132;0.638925016;2.730.928.898;2.719.017.029;1.792.191.267;-0.009248503484;1.024.312.377
477;-0.011279606;-0.010827539;0.505043447;1.231.982.827;0.638030648;2.727.677.822;2.721.384.048;1.791.603.804;-0.009071337059;1.023.436.666
476;-0.011126883;-0.011009744;0.503724694;1.229.310.632;0.636757374;2.723.814.964;2.724.738.598;1.790.654.898;-0.009220526554;1.022.980.332
475;-0.011051234;-0.011006514;0.502986193;1.226.929.426;0.635961294;2.728.488.207;2.721.188.068;1.791.492.224;-0.009374225512;102.312.541
474;-0.011128498;-0.011249691;0.502134204;122.490.418;0.634592235;2.726.776.838;2.722.134.829;1.789.553.642;-0.009161931463;102.282.846
473;-0.011259982;-0.011057795;0.500686467;1.222.507.954;0.633540332;2.729.726.791;2.720.420.122;1.789.658.189;-0.00936794281;1.022.589.564
472;-0.01131537;-0.010963708;0.499991119;1.220.773.935;0.632854819;2.726.121.902;2.721.440.077;1.790.119.052;-0.009302780032;1.022.115.231
471;-0.010939577;-0.011575312;0.498985291;1.218.779.922;0.631857455;2.727.069.378;2.717.598.677;1.788.038.015;-0.00947428029;102.186.811
470;-0.011621082;-0.011266541;0.498355359;1.215.768.933;0.631078959;2.725.885.391;27.139.709;1.789.701.343;-0.009225797839;1.021.849.871
469;-0.011563466;-0.011426274;0.497645766;1.214.189.172;0.630080521;27.261.374;2.717.939.854;1.788.632.989;-0.009410703555;1.021.636.128
468;-0.011616194;-0.011336857;0.496982426;1.213.040.233;0.629576802;2.723.976.135;2.717.261.553;1.789.905.906;-0.009366726503;1.021.131.516
467;-0.011381189;-0.01147685;0.496287346;1.210.986.733;0.628801823;2.722.418.785;2.718.343.973;1.787.996.888;-0.009447178803;1.021.122.932
466;-0.011584689;-0.011503119;0.495916009;1.210.544.109;0.628423512;2.723.396.301;2.711.075.783;1.786.988.854;-0.009230612777;1.020.626.664
465;-0.011409633;-0.011327979;0.4955163;1.209.030.747;0.628341794;2.724.111.795;2.717.979.431;1.787.976.503;-0.009383395314;1.019.806.027
464;-0.011655961;-0.011102105;0.495399654;1.208.939.195;0.627768874;272.165.513;271.193.409;1.787.592.411;-0.009286462329;1.019.955.277
463;-0.011525655;-0.011433939;0.495161742;1.208.658.814;0.628033876;2.725.062.609;2.712.862.015;178.657.794;-0.009350816719;1.019.626.141
462;-0.011177747;-0.011243991;0.495513737;1.209.126.472;0.628259003;2.723.371.506;2.716.042.757;1.786.608.338;-0.009319907054;1.019.530.177
461;-0.011627434;-0.011538965;0.495690316;1.209.919.333;0.628494442;2.722.066.164;2.715.069.056;1.786.113.143;-0.009325025603;1.018.580.317
460;-0.011416592;-0.011257006;0.496172398;1.211.070.061;0.629192948;2.720.360.041;2.713.043.213;1.786.850.452;-0.009203344584;1.018.732.071
459;-0.011275318;-0.011238895;0.497031897;121.282.196;0.630172491;2.720.667.601;2.710.498.571;1.785.400.391;-0.009451687336;1.017.824.411
458;-0.011418408;-0.011372818;0.497887462;1.214.728.951;0.631434619;2.719.839.811;2.709.380.865;1.784.846.544;-0.009403610602;1.017.763.019
457;-0.011639934;-0.01166967;0.499098003;1.218.151.212;0.632361352;2.719.964.266;2.706.066.132;1.784.351.707;-0.0093804067;1.017.095.208
456;-0.011393747;-0.011409481;0.500119746;1.221.451.163;0.633475363;2.721.175.909;2.706.597.805;1.784.509.182;-0.009470936842;1.016.645.789
455;-0.011616294;-0.011424005;0.501741409;1.225.606.084;0.635609746;2.718.454.838;2.708.429.098;1.784.608.483;-0.009544380009;1.016.675.353
454;-0.011471707;-0.011614832;0.503174126;122.978.282;0.637432575;2.718.437.195;2.706.703.901;1.783.536.553;-0.009497073479;1.016.568.303
453;-0.011354359;-0.011549955;0.505009532;1.234.934.688;0.6396662;2.716.661.692;2.710.802.078;1.783.210.039;-0.009454473853;1.015.743.494
452;-0.01171281;-0.011551115;0.507011652;1.239.179.254;0.64158982;2.716.216.803;2.703.911.543;1.782.288.432;-0.009547975846;1.015.648.723
451;-0.011671233;-0.011687209;0.509189963;1.244.768.262;0.644448161;2.714.023.352;2.705.631.495;1.782.859.206;-0.009553395212;1.015.369.534
450;-0.011638875;-0.011578538;0.51121217;1.250.810.862;0.647466302;2.714.790.344;2.702.993.155;1.781.384.706;-0.009579933248;1.014.749.646
449;-0.011604046;-0.011755341;0.51356566;1.256.496.668;0.649151385;2.712.616.682;2.701.904.297;1.780.549.884;-0.009752437472;101.416.254
448;-0.011993063;-0.011577833;0.515824676;1.261.980.891;0.652424693;2.711.754.322;2.703.470.945;1.780.619.979;-0.009654826485;1.013.952.136
447;-0.011671484;-0.011760531;0.517954588;1.268.085.122;0.654887021;2.710.963.964;2.702.554.941;1.780.077.934;-0.009786150418;1.013.633.013
446;-0.012105204;-0.0117179;0.520049453;1.273.836.255;0.657869458;2.711.367.369;2.700.183.868;1.779.556.632;-0.009670218453;1.012.952.685
445;-0.011889809;-0.011765872;0.5221138;1.279.170.632;0.660035074;270.766.449;2.697.392.464;1.778.919.816;-0.009908224456;1.013.207.078
444;-0.011896105;-0.011941942;0.524134934;1.284.245.491;0.662612557;2.709.630.728;2.700.626.373;1.778.048.396;-0.009590415284;1.012.562.156
443;-0.012059486;-0.011857267;0.525530934;128.855.288;0.664228201;2.707.368.135;2.698.585.272;1.778.383.493;-0.009454372339;1.011.802.793
442;-0.012113865;-0.011951261;0.526817739;1.291.609.526;0.665933669;2.706.050.873;2.694.525.003;1.777.683.139;-0.009561954066;1.011.472.344
441;-0.011969342;-0.012154795;0.528217495;1.294.090.033;0.66754657;2.709.509.373;2.698.841.572;177.700.448;-0.00967730768;1.011.058.211
440;-0.011956902;-0.012302124;0.528584302;1.295.148.969;0.667499602;2.707.942.009;2.694.413.185;1.776.412.725;-0.009446925484;1.010.629.892
439;-0.01195121;-0.011804569;0.528891265;1.295.945.883;0.668000042;2.707.723.379;2.696.389.914;1.776.997.685;-0.009274197742;1.010.305.762
438;-0.011892932;-0.011782802;0.528467596;1.296.604.395;0.668051958;2.706.546.068;2.694.186.687;1.775.614.858;-0.009409233928;1.009.937.644
437;-0.012072879;-0.012004697;0.527750313;1.294.943.571;0.667331517;2.705.062.628;2.694.090.366;1.775.972.486;-0.009888134897;1.008.877.754
436;-0.012112605;-0.012318882;0.527396321;1.293.784.618;0.666924834;2.703.799.009;2.693.276.167;1.775.107.861;-0.01028177608;1.008.265.853
435;-0.012411117;-0.012414488;0.526414335;129.163.599;0.666359663;2.701.463.461;2.689.810.038;1.774.448.991;-0.01032550819;1.007.707.834
434;-0.012557353;-0.01226926;0.526103556;1.290.008.903;0.665627599;2.706.958.532;2.691.743.374;177.339.077;-0.01038076263;1.007.612.824
433;-0.012305245;-0.012215908;0.525595546;1.288.776.159;0.665068448;2.699.733.257;2.689.665.794;1.773.830.056;-0.01030028053;10.068.717
432;-0.012596632;-0.012530896;0.525380492;1.287.988.186;0.665332735;2.700.552.702;2.691.402.674;1.773.368.597;-0.01036377717;1.006.681.085
431;-0.012234582;-0.012496691;0.525055528;1.287.636.638;0.66480583;269.908.762;2.687.988.281;177.290.988;-0.01034578122;1.005.740.404
430;-0.012870486;-0.012519076;0.525487423;1.288.585.067;0.665870547;2.702.369.928;2.691.943.645;1.772.299.647;-0.01043661591;1.005.535.126
429;-0.012496943;-0.01240196;0.526034117;1.290.201.664;0.665997446;2.695.937.872;2.688.162.804;1.772.705.555;-0.0103083197;1.004.745.007
428;-0.012568519;-0.012488291;0.526329517;12.913.239;0.667277753;2.700.623.989;2.684.248.924;1.771.704.316;-0.01061529759;1.004.537.702
427;-0.012361706;-0.013236929;0.527957082;1.293.910.861;0.668364465;2.694.268.465;2.686.976.671;1.771.535.993;-0.01064687222;1.003.426.075
426;-0.012740846;-0.012433053;0.529126346;1.297.481.179;0.670251846;2.696.782.589;2.688.654.184;1.771.460.652;-0.01071637962;1.003.156.304
425;-0.013025159;-0.012524759;0.530552506;1.300.677.419;0.671555877;2.688.615.322;2.683.980.703;1.770.698.547;-0.01075087674;1.002.878.547
424;-0.012416551;-0.012552776;0.532213569;1.304.066.539;0.673556447;2.693.090.677;2.683.057.308;1.769.851.804;-0.0108498577;100.218.451
423;-0.012615039;-0.012617906;0.533608556;1.307.976.246;0.675608516;2.692.300.081;2.684.847.355;1.769.144.058;-0.01083879918;1.001.201.034
422;-0.012928382;-0.012987778;0.535395026;1.313.162.327;0.677310288;2.686.484.814;267.942.667;176.870.501;-0.01101166196;1.000.748.992
421;-0.012946523;-0.012807505;0.53723675;1.317.237.735;0.679671407;2.690.306.187;2.680.129.528;176.807.034;-0.01093008555;1.000.251.055
420;-0.012786845;-0.013110412;0.538703263;1.321.478.248;0.681755483;2.688.323.975;267.992.568;1.768.511.415;-0.0109939957;0.9996305108
419;-0.012724807;-0.012732903;0.540223897;1.325.993.538;0.68401432;2.688.382.626;2.679.093.122;1.767.929.435;-0.01083334535;0.9991019964
418;-0.012935217;-0.01298813;0.541834533;1.329.880.595;0.686388135;2.687.464.714;2.678.738.356;1.767.065.525;-0.01099515613;0.9985067844
417;-0.013077458;-0.012876919;0.543148994;1.333.066.463;0.687975943;2.682.623.863;267.696.023;1.765.259.862;-0.01103634387;0.997315824
416;-0.013061584;-0.012994711;0.544173777;1.336.208.582;0.689689279;2.684.362.173;267.736.721;1.765.149.713;-0.01090903301;0.9971814752
415;-0.012890138;-0.013022949;0.545776725;1.339.519.382;0.691060305;2.685.585.976;2.678.861.141;1.766.320.467;-0.01100393943;0.9964517951
414;-0.013094638;-0.01315577;0.546406627;1.341.557.741;0.692372024;268.403.101;2.678.048.849;1.765.718.341;-0.01071036886;0.9958080053
413;-0.013072385;-0.013124427;0.546853721;1.343.859.076;0.693478227;2.682.835.102;267.688.036;1.765.102.267;-0.01111270301;0.9953500032
412;-0.013168427;-0.012916472;0.547919214;1.345.001.459;0.694022298;2.684.477.568;2.673.366.308;1.764.029.026;-0.01109852269;0.9944301248
411;-0.01318947;-0.013093685;0.548059881;1.346.205.354;0.694765866;2.681.488.752;2.672.125.578;1.764.829.636;-0.0108351633;0.9935712814
410;-0.012893504;-0.013325554;0.548134446;1.346.583.724;0.694853544;2.677.803.516;2.673.055.172;176.294.589;-0.0112948399;0.9931979179
409;-0.013282123;-0.0131078;0.548318386;134.635.067;0.694708884;2.676.922.321;2.668.575.287;1.763.051.033;-0.01132984553;0.992200315
408;-0.013289153;-0.012945719;0.548222184;1.345.986.366;0.695413292;2.678.133.011;2.671.184.778;1.763.514.519;-0.01132349018;0.9914056659
407;-0.013170537;-0.013096497;0.547352016;1.346.452.355;0.694877327;2.680.743.217;266.884.923;1.763.130.546;-0.01134901214;0.9910573363
406;-0.01297396;-0.013182038;0.547094941;1.345.654.726;0.695382834;2.674.533.367;2.670.428.514;1.761.936.784;-0.01137589384;0.9904562235
405;-0.013085195;-0.013691613;0.547484577;1.345.849.872;0.695817411;2.671.952.009;2.670.715.332;1.761.543.036;-0.01148481667;0.9896422625
404;-0.013595687;-0.01347334;0.548259735;1.347.934.484;0.696471393;2.674.736.977;2.666.568.995;1.762.646.079;-0.0117022777;0.9888364077
403;-0.013714589;-0.013503956;0.54876858;1.349.696.517;0.69759959;2.671.011.209;2.670.661.688;1.761.161.327;-0.01144775562;0.988024354
402;-0.013581638;-0.013781701;0.550263465;1.352.695.346;0.698289335;2.672.252.893;2.663.814.068;1.762.466.669;-0.01174435578;0.9875718951
401;-0.01395826;-0.013690009;0.552114248;1.357.820.034;0.700685978;2.674.076.796;2.660.820.723;176.019.752;-0.01170565374;0.9866190553
400;-0.013562218;-0.013745538;0.55446589;1.362.693.787;0.703667581;2.670.913.935;2.660.773.277;1.760.078.311;-0.01145718526;0.9856600761
399;-0.013713134;-0.013401111;0.556942999;1.368.918.061;0.706914008;266.959.548;266.087.985;1.759.433.031;-0.01172943972;0.9851282835
398;-0.013709071;-0.013878139;0.561697245;1.378.270.626;0.711706877;267.263.031;2.661.441.803;1.760.262.489;-0.01181625668;0.9845100045
397;-0.01369959;-0.013872372;0.565453231;1.390.468.359;0.717066884;2.667.333.364;2.655.714.273;1.759.049.058;-0.01125297043;0.9845947027
396;-0.01396563;-0.01396548;0.570135057;1.404.490.113;0.722608626;2.671.378.851;2.662.738.562;1.759.247.541;-0.01189665962;0.9835646152
395;-0.014090495;-0.013450453;0.576065779;1.419.121.265;0.730156899;2.670.427.084;265.443.635;1.759.467.602;-0.01178058516;0.9830441475
394;-0.013653236;-0.013849154;0.582712591;1.435.152.173;0.738317668;2.668.336.868;2.656.775.713;1.759.298.205;-0.01177433692;0.9819951653
393;-0.013748447;-0.014061275;0.58996135;1.454.735.756;0.745822668;266.779.542;2.662.963.867;1.758.858.442;-0.01191610377;0.981721282
392;-0.013824631;-0.014040123;0.598463416;1.475.503.087;0.756589711;2.667.860.985;2.656.918.287;1.759.276.032;-0.01202061027;0.9807563424
391;-0.013828794;-0.013806477;0.608076692;1.500.468.612;0.767830908;266.532.135;2.652.791.023;1.758.575.439;-0.01169638149;0.980221808
390;-0.014391958;-0.013958361;0.618426979;1.526.645.184;0.781137884;2.671.161.175;2.654.732.943;175.921.464;-0.01212665252;0.9790870547
389;-0.014046188;-0.014385296;0.629711509;1.556.922.317;0.794287145;265.835.762;2.659.335.375;1.758.296.371;-0.0120197041;0.9782325029
388;-0.014186312;-0.014113299;0.642969966;1.590.365.887;0.810055614;2.663.443.089;2.653.489.351;1.759.477.377;-0.01215142198;0.9782825112
387;-0.014475591;-0.014168273;0.657326579;1.628.222.942;0.826666176;2.658.929.586;2.653.181.791;1.757.551.312;-0.01210852712;0.9769801497
386;-0.014476442;-0.014426965;0.674055636;1.669.409.037;0.846562743;2.661.781.788;2.654.477.835;1.760.222.673;-0.01217211317;0.97537148
385;-0.014372224;-0.014169075;0.690775275;1.715.075.731;0.867239296;2.665.034.056;2.649.498.463;1.757.502.556;-0.01215776522;0.9750055671
384;-0.013448897;-0.014856542;0.710009277;1.762.338.877;0.890985787;2.669.222.116;2.657.221.079;1.758.779.883;-0.01284711435;0.9742394686
383;-0.014845485;-0.014875653;0.729112446;1.814.595.819;0.912447572;2.667.296.886;2.642.789.364;1.758.832.335;-0.01278865524;0.9730557799
382;-0.014941987;-0.015142574;0.748940945;1.866.951.108;0.938053668;2.658.997.297;2.644.432.783;1.757.532.716;-0.01291325502;0.9723118544
381;-0.015514449;-0.014580335;0.770042002;1.918.996.572;0.962629795;2.665.658.951;2.649.285.316;1.755.135.894;-0.01277090888;0.9706024528
380;-0.015247957;-0.015098724;0.790377498;1.972.973.228;0.987263203;2.654.641.151;2.648.349.285;1.759.068.489;-0.01292330679;0.9707735777
379;-0.014421356;-0.0149784;0.807756424;2.016.826.868;1.006.486.893;2.658.895.254;2.640.384.197;175.842.309;-0.01314517204;0.9706485868
378;-0.015558058;-0.014990754;0.821754038;2.055.993.557;1.024.819.136;2.666.776.657;265.331.316;1.757.911.205;-0.01280891337;0.96942693
377;-0.015436962;-0.015359512;0.828987241;2.076.339.722;1.032.940.388;2.654.984.236;2.652.556.181;1.758.607.984;-0.01323582418;0.9691337347
376;-0.015857156;-0.015310884;0.831543744;2.081.563.234;1.037.080.169;2.660.815.477;2.647.319.555;175.503.993;-0.01355524361;0.9676998854
375;-0.015398389;-0.015530485;0.82917881;2.073.925.495;1.032.126.427;2.659.865.856;2.649.838.686;1.757.150.769;-0.01341576781;0.9661456943
374;-0.015465691;-0.015601862;0.822449207;2.061.131.954;1.025.884.986;2.658.432.484;2.648.605.108;1.757.647.038;-0.01354495622;0.9652174115
373;-0.016277542;-0.014632647;0.815229893;2.042.852.163;1.018.543.243;2.662.087.202;265.426.898;1.757.845.879;-0.01317962725;0.9642074704
372;-0.014972098;-0.016039759;0.807120979;2.027.320.147;1.008.906.364;2.659.117.937;2.647.547.722;1.756.997.824;-0.01405701414;0.9643571973
371;-0.01632292;-0.016656121;0.804027736;2.015.158.653;1.005.009.532;2.664.888.144;2.648.256.302;1.758.364.558;-0.01429929119;0.9620453715
370;-0.016106963;-0.016556311;0.806301475;2.018.062.353;1.007.908.583;2.650.879.383;2.649.504.423;1.757.745.266;-0.01461107191;0.9617965817
369;-0.016137043;-0.01712944;0.81163156;2.026.701.927;1.015.845.656;266.698.885;2.652.343.988;1.752.087.474;-0.01446537487;0.9610435367
368;-0.010584326;-0.011135411;0.826308906;2.066.403.389;1.031.134.605;2.662.740.946;2.656.484.127;1.760.130.167;-0.009587275796;0.9646542072
367;-0.016912887;-0.016470188;0.830156267;2.077.651.739;1.037.421.346;2.653.527.975;2.656.455.755;1.762.002.945;-0.01485629193;0.9588868618
366;-0.016838089;-0.016778372;0.846139371;2.118.475.914;1.056.204.557;2.663.269.997;2.651.016.951;1.760.983.229;-0.01471763477;0.9580567479
365;-0.016669026;-0.016883159;0.861348629;215.990.901;1.074.054.241;2.655.436.754;2.649.697.542;175.710.237;-0.01594355144;0.9565224648
364;-0.017802948;-0.017810799;0.87824142;2.199.201.822;1.095.458.865;2.665.407.896;2.651.787.996;176.249.063;-0.01469306089;0.9556016326
363;-0.017566446;-0.016785344;0.896867812;2.268.834.591;1.121.431.231;2.653.258.324;2.659.758.091;1.755.348.682;-0.01628891192;0.9564182162
362;-0.017749177;-0.017982848;0.920336604;2.311.204.672;1.144.172.549;2.656.319.618;2.653.131.485;1.767.332.435;-0.01551964507;0.9544148445
361;-0.017043479;-0.017060304;0.946625888;2.369.888.306;1.171.768.069;2.662.204.266;2.649.805.546;1.755.811.691;-0.0170807112;0.9534931183
360;-0.019107653;-0.019418873;0.968791843;2.440.526.724;1.202.742.815;2.638.159.037;2.641.703.129;1.765.031.338;-0.01498020068;0.9514731169
359;-0.019050326;-0.019316973;0.993262231;2.504.402.876;1.234.829.783;2.647.758.245;2.643.275.499;1.767.461.181;-0.01758225635;0.9507467151
358;-0.019631011;-0.020580854;1.019.823.551;2.565.718.651;1.274.071.217;2.653.637.886;2.656.921.864;1.768.898.726;-0.01823158376;0.948947072
357;-0.020739371;-0.021515615;1.051.547.647;2.632.501.364;130.924.511;2.647.706.985;2.658.871.889;1.763.967.752;-0.01851396263;0.9477376938
356;-0.019333363;-0.018278096;1.082.480.192;2.726.294.279;1.341.754.198;2.660.560.608;2.643.947.363;1.772.157.907;-0.0192325823;0.9487558007
355;-0.021806702;-0.021100026;1.112.456.083;2.801.685.095;1.371.231.437;2.663.262.129;2.632.863.522;1.769.591.093;-0.01744988747;0.945856452
354;-0.023362888;-0.02272753;1.151.343.465;2.893.493.652;1.413.971.424;2.689.404.488;2.673.573.017;1.770.442.367;-0.0193134062;0.9453451037
353;-0.02268213;-0.021774154;1.186.444.283;2.963.152.885;1.461.916.566;2.658.286.572;263.501.358;1.759.943.724;-0.02087394707;0.9427552819
352;-0.022136608;-0.020245414;1.223.234.177;3.037.143.946;1.521.065.712;2.701.556.683;2.631.350.994;1.775.689.483;-0.02003139816;0.9417409897
351;-0.021368966;-0.021854507;1.264.587.402;3.194.401.979;155.879.283;2.669.385.672;2.614.785.433;1.766.985.655;-0.0188404806;0.940952599
350;-0.025302276;-0.024719985;1.299.975.157;3.224.604.607;1.604.216.933;2.647.944.689;2.673.430.681;177.474.165;-0.02241331525;0.9360105991
349;-0.021886457;-0.025578732;1.344.262.958;3.298.826.694;1.654.529.929;269.266.963;2.638.147.354;1.764.223.814;-0.02012621053;0.9411761761
348;-0.011405498;-0.01069663;1.604.242.086;3.866.113.186;2.026.783.705;2.813.638.449;2.752.177.477;1.871.999.502;-0.007422482595;0.9528957605
347;-0.009994091;-0.01030933;1.647.049.546;3.984.004.974;2.080.820.084;2.815.242.767;276.394.105;187.711.215;-0.007234895136;0.9514881968
346;-0.010464261;-0.010008915;1.710.132.599;4.199.206.829;2.155.415.058;2.816.392.422;2.761.051.178;1.873.140.335;-0.007311467081;0.9505586624
345;-0.009966264;-0.009642066;1.772.842.646;4.388.822.556;223.385.191;2.832.789.421;2.765.238.523;1.878.766.656;-0.007115275599;0.9510214329
344;-0.009714368;-0.010170477;1.842.327.833;4.654.975.891;2.317.527.533;2.820.591.688;2.767.215.014;1.876.330.495;-0.006603681948;0.9505598545
343;-0.009585605;-0.009458425;1.916.341.543;4.783.800.125;2.402.203.321;2.825.784.922;2.779.111.624;1.882.018.805;-0.006951961201;0.9495538473
342;-0.009350563;-0.009773294;199.428.618;5.326.871.872;2.496.522.427;2.837.961.197;2.770.463.228;1.880.330.086;-0.006728692912;0.949236691
341;-0.009565651;-0.009466327;2.073.389.053;5.838.589.668;2.593.292.236;2.826.999.426;277.428.031;1.883.627.295;-0.006808819715;0.9477306008
340;-0.00973396;-0.009136789;215.681.076;10;2.696.154.594;2.835.549.831;2.778.336.525;1.887.041.569;-0.006391968112;0.9484567046
339;-0.009217232;-0.009390033;2.255.506.277;10;2.819.062.471;2.843.443.155;2.785.946.846;1.890.202.165;-0.005973132327;0.9466950297
338;-0.008993909;-0.008493663;2.351.247.311;10;2.922.211.409;2.848.767.996;279.111.433;1.891.798.496;-0.006167645566;0.9464743137
337;-0.00932386;-0.008875939;246.020.031;10;3.060.726.404;2.844.050.169;2.785.711.288;1.892.448.783;-0.006193370093;0.9470123649
336;-0.008806441;-0.00899254;25.661.695;10;3.195.396.423;2.847.199.202;279.159.236;1.895.738.006;-0.006342735142;0.9453954697
335;-0.008888113;-0.009296142;2.691.899.538;10;3.340.129.614;2.853.515.625;2.791.570.425;189.709.115;-0.006590168923;0.9453797936
334;-0.009254383;-0.008857273;2.823.699.951;10;3.480.032.921;28.497.262;2.797.602.892;1.897.459.865;-0.005921145435;0.9450374246
333;-0.008986911;-0.008973928;2.954.866.886;10;3.658.055.782;286.400.342;2.804.417.133;1.904.636.264;-0.0057995799;0.9447016716
332;-0.008788938;-0.008997154;3.106.871.843;10;3.815.219.402;2.862.720.728;2.808.108.807;1.903.686.166;-0.006217561662;0.9435609579
331;-0.008398866;-0.009005775;3.263.289.213;10;404.518.652;2.870.413.065;2.814.703.465;1.909.100.413;-0.005934423767;0.9435022473
330;-0.009175668;-0.008800404;3.414.039.612;10;4.249.218.464;2.870.924.711;2.822.573.662;1.913.041.472;-0.005792836659;0.9433066845
329;-0.008823234;-0.00898757;3.609.711.409;10;449.296.999;2.882.935.286;2.817.775.726;1.916.717.052;-0.00574251404;0.9427079558
328;-0.008797969;-0.00875738;3.801.806.211;10;4.661.096.096;288.638.711;2.826.752.186;191.739.881;-0.005987685639;0.9428748488
327;-0.008880606;-0.008895265;3.978.816.986;10;5.022.773.266;2.893.046.379;2.834.479.332;1.919.755.101;-0.005695353728;0.943051517
326;-0.009015815;-0.008755502;4.263.375.759;10;5.691.372.871;2.893.666.506;283.891.201;1.920.765.877;-0.005894894246;0.9426032305
325;-0.009204054;-0.009153618;4.534.582.138;10;10;2.901.586.533;2.847.824.335;1.928.335.428;-0.005782414693;0.9420973063
324;-0.009077523;-0.008571079;4.972.368.717;10;10;2.894.544.601;2.855.830.908;1.930.654.526;-0.005418726243;0.9420932531
323;-0.008882635;-0.008652745;5.768.270.969;10;10;291.593.051;2.859.316.349;1.933.275.819;-0.005567795597;0.9420172572
322;-0.008897091;-0.009147332;10;10;10;2.922.220.945;2.867.054.462;1.937.639.713;-0.005504769273;0.9419970512
321;-0.008425525;-0.008268037;5.861.041.546;10;10;2.927.542.448;2.865.925.312;1.941.416.144;-0.005778225604;0.9419740438
320;-0.008694002;-0.008864627;10;10;10;2.935.219.288;2.880.337.715;1.945.790.529;-0.005399040878;0.9416553378
319;-0.008627419;-0.008511787;10;10;10;2.942.793.608;2.871.657.372;1.947.051.406;-0.004901801236;0.9420456886
318;-0.008806188;-0.008133814;10;10;10;2.945.067.883;289.174.509;1.953.753.233;-0.005076326896;0.943287611
317;-0.008338281;-0.008516661;10;10;10;2.957.337.141;2.898.151.875;1.956.098.437;-0.005012410693;0.9426286221
316;-0.008824146;-0.008198746;10;10;10;2.962.521.076;2.912.041.903;1.965.593.457;-0.004561504349;0.9432828426
315;-0.00848686;-0.008574835;10;10;10;2.970.633.507;2.922.846.079;196.255.517;-0.004524411634;0.944085896
314;-0.007962545;-0.00789041;10;10;10;2.990.318.298;2.918.489.933;196.993.804;-0.004831613041;0.9445120096
313;-0.008567526;-0.008283986;10;10;10;2.999.111.891;2.940.607.309;197.962.451;-0.004681215156;0.944424808
312;-0.008158355;-0.007879073;10;10;10;299.786.377;294.238.162;1.980.763.555;-0.004709229805;0.9454861879
311;-0.007909118;-0.008288303;10;10;10;3.011.431.932;2.955.482.006;1.987.911.344;-0.005085077137;0.9467863441
310;-0.008053016;-0.007983335;10;10;10;302.199.316;2.971.415.997;1.990.690.351;-0.004738983698;0.9470363855
309;-0.008037465;-0.008237151;10;10;10;3.022.129.774;2.974.012.375;1.998.554.826;-0.004757521208;0.9485807419
308;-0.009159904;-0.008715823;10;10;10;3.043.223.143;2.985.162.258;2.004.888.296;-0.005613538902;0.948646605
307;-0.007990603;-0.007873734;10;10;10;3.045.249.939;2.994.620.562;2.009.413.004;-0.004606175702;0.9513471723
306;-0.007835397;-0.007815161;10;10;10;3.057.903.528;3.001.573.563;2.015.622.377;-0.004717423581;0.9518837929
305;-0.007638629;-0.007742594;10;10;10;3.078.758.001;3.017.740.011;2.019.968.987;-0.004398354329;0.9536747336
304;-0.00782472;-0.007845415;10;10;10;3.076.775.551;3.030.669.212;2.024.363.518;-0.004430025816;0.9558730721
303;-0.007744679;-0.007760596;10;10;10;3.108.618.021;3.039.487.123;2.033.528.328;-0.004151667934;0.9583098292
302;-0.007675559;-0.007679373;10;10;10;3.112.303.972;3.050.795.078;2.038.299.084;-0.004146386404;0.9601627588
301;-0.007855736;-0.007691988;10;10;10;3.118.541.241;3.073.621.988;2.045.001.268;-0.004239962436;0.9627020955
300;-0.008027503;-0.007912372;10;10;10;31.327.672;3.078.067.541;2.051.538.467;-0.004171153996;0.9662929773
299;-0.007811499;-0.007705161;10;10;10;3.143.157.959;3.092.733.383;2.057.803.631;-0.004002522212;0.9694747925
298;-0.007620316;-0.007552957;10;10;10;3.161.984.682;3.098.299.742;206.410.718;-0.004196176305;0.9728184342
297;-0.007551634;-0.007531231;10;10;10;3.174.059.391;3.121.029.615;2.071.221.828;-0.004132950678;0.9758704901
296;-0.007642597;-0.007374944;10;10;10;3.175.301.313;3.134.458.303;2.078.543.663;-0.004129822366;0.9798981547
295;-0.007483654;-0.007651906;10;10;10;3.199.240.446;3.142.578.125;2.085.675.478;-0.003914538771;0.9840440154
294;-0.007844245;-0.007394795;10;10;10;3.200.074.434;3.156.879.902;2.092.669.249;-0.004150334746;0.9891908169
293;-0.00766157;-0.00789097;10;10;10;3.221.662.045;3.176.154.613;2.100.981.236;-0.004203867167;0.9932350516
292;-0.007833567;-0.007466657;10;10;10;3.238.816.738;3.197.870.255;2.105.761.766;-0.004376059864;0.999473989
291;-0.007535759;-0.007893207;10;10;10;3.262.705.803;3.204.473.495;2.117.439.985;-0.004128899425;1.005.483.747
290;-0.007281227;-0.007462484;10;10;10;327.143.836;3.221.189.499;2.123.909.235;-0.003817813704;101.162.684
289;-0.00744111;-0.007328928;10;10;10;3.290.097.475;3.233.800.173;213.168.931;-0.003490943694;1.018.847.823
288;-0.007408842;-0.007298893;10;10;10;3.311.743.736;3.235.606.432;2.141.181.469;-0.003495617304;1.026.325.345
287;-0.007481771;-0.007563539;10;10;10;3.315.273.523;3.259.799.957;2.146.437.168;-0.003782761516;1.034.597.278
286;-0.007802346;-0.007392047;10;10;10;3.335.300.446;3.283.983.707;2.157.974.005;-0.003992108628;1.042.511.106
285;-0.007475257;-0.007220231;10;10;10;3.354.631.901;3.296.696.663;2.164.885.521;-0.00368390209;1.052.034.497
284;-0.007478463;-0.00738095;10;10;10;3.370.022.058;3.315.611.124;217.254.734;-0.003868667642;1.062.366.962
283;-0.007467471;-0.007215598;10;10;10;3.380.779.982;3.329.796.076;218.097.043;-0.003481442574;1.072.796.583
282;-0.007610955;-0.007446046;10;10;10;338.901.186;3.339.395.761;2.188.688.993;-0.003818840021;1.083.973.765
281;-0.007310653;-0.00720465;10;10;10;3.410.289.049;3.365.783.691;219.836.545;-0.003575213253;1.096.507.072
280;-0.007388382;-0.00736568;10;10;10;3.426.864.147;3.379.817.724;2.203.977.346;-0.00348560256;1.109.852.672
279;-0.00723958;-0.007372297;10;10;10;3.444.831.848;3.401.011.467;2.213.423.967;-0.003572953865;1.124.173.164
278;-0.007374944;-0.007310449;10;10;10;3.476.417.303;3.417.944.193;222.307.229;-0.003685801523;1.139.368.534
277;-0.007523038;-0.007416171;10;10;10;3.483.180.761;3.445.060.253;2.233.244.181;-0.003639187431;1.155.643.702
276;-0.007197725;-0.007326637;10;10;10;351.121.664;3.458.911.896;2.243.127.823;-0.003711570753;1.172.397.614
275;-0.007691072;-0.007274099;10;10;10;3.526.655.674;3.473.789.215;2.247.205.496;-0.003711570753;1.190.907.717
274;-0.007527974;-0.007602917;10;10;10;3.532.665.253;3.482.825.518;2.259.057.999;-0.003879084019;1.210.324.645
273;-0.007804787;-0.007696616;10;10;10;3.548.492.908;3.494.419.575;2.265.650.749;-0.00401862897;1.231.194.973
272;-0.007992942;-0.008076342;10;10;10;3.558.419.466;351.940.918;2.272.651.672;-0.004292509519;1.252.693.892
271;-0.008002548;-0.008212768;10;10;10;3.575.627.327;3.529.012.203;2.282.149.792;-0.004123104736;1.277.174.711
270;-0.008119993;-0.008064501;10;10;10;3.587.781.191;3.556.631.565;2.287.589.073;-0.004070382565;1.301.560.879
269;-0.007717164;-0.007929199;10;10;10;3.618.267.536;3.580.154.419;2.298.094.988;-0.003915565088;1.328.591.108
268;-0.00771574;-0.007832602;10;10;10;3.636.640.549;3.581.147.671;2.307.298.422;-0.003752223216;135.716.331
267;-0.007659739;-0.007681357;10;10;10;3.645.361.662;3.608.742.952;2.313.600.302;-0.003754892154;1.387.338.758
266;-0.007454494;-0.007675101;10;10;10;3.678.097.248;3.617.373.705;2.324.096.203;-0.003525711363;1.419.421.673
265;-0.007712383;-0.007352395;10;10;10;3.675.251.245;3.632.339.716;2.332.045.317;-0.00352293835;1.452.301.502
264;-0.007580787;-0.007613295;10;10;10;368.748.951;3.653.338.909;2.339.853.525;-0.003638160648;1.488.102.317
263;-0.007389552;-0.00779716;10;10;10;3.716.941.595;3.661.181.927;2.343.880.177;-0.003776397323;1.525.412.321
262;-0.007890867;-0.00772459;10;10;10;3.722.947.598;3.670.909.405;2.355.577.707;-0.00365079008;1.564.041.615
261;-0.007559011;-0.007858481;10;10;10;3.738.910.437;3.700.855.255;2.363.133.669;-0.00403514551;1.605.812.192
260;-0.0079567;-0.00787109;10;10;10;375.670.886;3.718.513.489;2.370.953.083;-0.00389083405;1.649.056.554
259;-0.007913643;-0.00810983;10;10;10;3.775.716.305;3.723.193.169;2.379.196.167;-0.003976154607;1.693.942.904
258;-0.008262296;-0.008285764;10;4.480.742.455;10;3.792.247.534;3.750.049.591;2.384.480.238;-0.00414787326;1.741.954.923
257;-0.008330409;-0.008089656;10;2.963.438.272;10;3.799.692.392;3.754.997.015;2.388.492.346;-0.004080076236;1.792.170.525
256;-0.008211497;-0.008106477;10;2.114.530.802;10;381.235.218;379.113.698;239.840.889;-0.00413233554;184.631.443
255;-0.008292418;-0.007901188;10;1.770.959.616;10;3.835.901.737;3.793.558.598;2.405.156.612;-0.0041240789;190.178.895
254;-0.008117045;-0.008218355;10;1.525.268.316;10;3.843.073.606;379.250.741;2.410.238.981;-0.004014371429;1.958.943.129
253;-0.008288506;-0.007906882;10;1.382.192.731;10;3.856.223.822;3.826.742.411;241.855.979;-0.003958199173;2.019.068.003
252;-0.008262043;-0.008393788;10;1.349.368.572;10;3.863.697.767;3.818.333.626;2.424.566.984;-0.003981438465;2.084.071.875
251;-0.00848361;-0.00834788;10;1.367.731.929;10;3.877.621.651;3.840.790.272;2.428.961.039;-0.004168384708;215.244.031
250;-0.008550673;-0.008354279;10;1.395.822.883;10;3.860.090.017;3.854.426.622;2.435.244.799;-0.004493669607;2.220.239.401
249;-0.008503919;-0.008590316;10;1.423.330.307;10;3.880.921.841;3.857.905.149;2.441.223.621;-0.004316038452;229.468.441
248;-0.008674871;-0.008677662;10;1.438.479.662;10;3.896.651.268;3.876.826.525;2.445.596.218;-0.004238014109;2.370.834.112
247;-0.008598387;-0.00842974;10;1.458.755.493;10;389.803.791;3.874.875.307;245.209.527;-0.004234783817;2.451.849.699
246;-0.008598133;-0.008609706;10;1.460.059.404;10;3.904.746.532;3.896.406.889;2.456.024.647;-0.004369960632;2.541.603.327
245;-0.00875672;-0.008882889;10;144.971.621;10;3.922.785.044;389.759.326;2.460.883.856;-0.004350381438;262.865.448
244;-0.008999081;-0.008793048;10;1.509.826.064;10;3.919.625.759;3.893.056.393;2.462.755.203;-0.004603973124;2.722.444.773
243;-0.009232387;-0.008888773;10;1.591.777.563;10;3.939.440.966;3.896.162.271;2.468.783.379;-0.004617957398;2.828.802.824
242;-0.008897953;-0.009015156;10;1.612.676.382;10;3.943.913.937;3.923.112.869;2.471.481.323;-0.00474154437;293.469.286
241;-0.009098157;-0.009237151;10;1.609.878.421;10;3.952.490.807;3.919.557.333;2.474.067.211;-0.004714811686;3.052.978.039
240;-0.00918753;-0.009481371;10;1.606.014.252;10;3.932.804.108;3.915.464.401;2.478.806.496;-0.00472162338;3.176.448.822
239;-0.00933977;-0.00935558;10;1.189.710.736;10;3.928.239.584;3.931.073.666;2.478.241.205;-0.004909172654;3.315.422.773
238;-0.009463338;-0.009520272;10;0.028739532;10;3.943.967.104;3.919.511.318;2.480.797.052;-0.005060259253;3.444.797.754
237;-0.0095616;-0.009710014;10;0.092691541;10;397.160.244;3.939.160.824;2.485.322.952;-0.005282443482;3.603.517.056
236;-0.010015492;-0.009895523;10;0.011518001;10;3.952.975.273;3.919.694.901;2.484.353.065;-0.005332921632;3.762.905.836
235;-0.010274091;-0.010038865;10;0.00822577;10;3.937.547.445;3.931.467.295;2.489.707.708;-0.005572906695;3.924.279.451
234;-0.010351039;-0.010249213;10;0.007516807;10;3.944.615.364;3.935.132.265;2.493.151.665;-0.005774342921;4.114.600.182
233;-0.010413315;-0.010659047;10;0.007220554;10;3.977.027.893;3.933.353.662;2.490.276.814;-0.005920379423;4.277.616.024
232;-0.010780321;-0.010840567;10;0.007050587;10;3.932.840.824;391.843.605;2.492.918.491;-0.005968485493;4.495.638.371
231;-0.010741987;-0.01092948;10;0.007251876;10;3.948.345.184;3.945.513.964;2.493.843.079;-0.006274207961;4.655.515.194
230;-0.011356679;-0.0113188;10;0.007382294;10;3.955.458.879;3.914.012.671;2.492.285.013;-0.006408904679;4.808.444.023
229;-0.011601576;-0.011349265;10;0.007046798;10;3.944.782.972;3.911.732.435;2.490.031.719;-0.006777678151;5.096.131.325
228;-0.011690031;-0.0120687;10;0.007201973;10;394.873.929;3.929.174.662;2.491.281.986;-0.006997711957;5.280.940.056
227;-0.012357026;-0.012202165;10;0.006738719;10;3.942.631.483;3.906.582.117;2.490.298.033;-0.007501158398;5.430.636.406
226;-0.012966121;-0.012586071;10;0.006734618;10;3.929.483.414;3.890.625.238;249.246.645;-0.00780509226;6.118.701.935
225;-0.013136934;-0.013160792;10;0.006964589;10;3.944.226.742;3.915.543.079;2.487.569.809;-0.008441621438;5.659.039.497
224;-0.013611242;-0.013702199;10;0.007503876;10;3.915.907.145;3.886.962.175;2.489.162.922;-0.008885171264;5.644.974.709
223;-0.014409888;-0.014181852;10;0.008086184;10;3.900.065.422;3.888.188.362;2.483.596.325;-0.009081883356;10
222;-0.014448049;-0.014479596;10;0.008467276;10;3.928.613.901;3.885.988.712;2.482.207.298;-0.009378785267;10
221;-0.014658324;-0.014639654;10;0.008771301;10;3.905.512.333;3.873.763.561;2.480.489.969;-0.009234109893;10
220;-0.01488586;-0.014967146;10;0.008924371;10;3.893.218.994;3.886.611.462;2.480.529.547;-0.01006051619;10
219;-0.015169673;-0.015508205;10;0.009200081;10;3.881.169.558;3.848.604.679;2.476.438.284;-0.01048498228;10
218;-0.016153904;-0.015922891;10;0.009161586;10;3.859.876.394;3.858.371.735;2.472.725.153;-0.01074931119;10
217;-0.016714809;-0.016462013;10;0.008917554;10;3.883.012.533;3.850.050.688;2.471.314.192;-0.01133196428;10
216;-0.017027101;-0.01695312;10;0.009273829;10;3.866.358.757;3.848.124.504;2.465.981.483;-0.01175836381;10
215;-0.017304344;-0.017462073;10;0.009917414;10;3.848.121.643;3.829.608.917;2.463.508.606;-0.01199729368;10
214;-0.017588422;-0.017919958;10;0.011057451;10;3.845.570.326;3.795.743.465;2.465.592.861;-0.0123566743;10
213;-0.018308127;-0.018205967;10;0.010981594;10;3.875.772.476;3.819.276.333;245.928.812;-0.01276819501;10
212;-0.018871265;-0.018707354;10;0.01179906;10;3.822.551.966;381.891.346;2.453.995.705;-0.01298812963;10
211;-0.019070543;-0.018812222;10;0.012898318;10;3.823.462.248;3.755.562.305;2.450.541.973;-0.01311362721;10
210;-0.019144213;-0.019035809;10;0.014116195;10;3.762.512.922;3.746.493.101;2.447.407.484;-0.01337992586;10
209;-0.020130115;-0.020136936;10;0.014837923;10;3.760.056.734;3.746.617.794;243.695.569;-0.01456251182;10
208;-0.020606084;-0.020670954;10;0.015731152;10;3.743.316.412;3.718.499.899;2.435.837.507;-0.01496119425;10
207;-0.021407554;-0.021337865;10;0.01726895;10;3.745.052.099;372.518.301;2.430.730.104;-0.01516672317;10
206;-0.021859085;-0.021629808;10;0.018851765;10;3.730.602.026;3.710.771.084;2.428.017.378;-0.01545230113;10
205;-0.02273839;-0.022531204;10;0.021433907;10;37.266.469;3.701.303.482;2.423.277.378;-0.01596556045;10
204;-0.022735246;-0.022936441;10;0.031536449;10;3.722.719.431;3.666.383.743;2.416.110.516;-0.01695486158;10
203;-0.023772987;-0.023595911;10;0.034869775;10;3.695.571.423;3.670.087.814;2.417.850.733;-0.01709698886;10
202;-0.024431139;-0.02428777;10;0.03835772;10;3.697.915.792;366.390.729;241.199.398;-0.01775857061;10
201;-0.025025254;-0.025489008;10;0.034117591;10;3.677.281.141;3.645.780.563;2.409.410.954;-0.01834654249;10
200;-0.025836766;-0.02604755;10;0.026314003;10;3.685.112.715;3.643.506.289;2.405.180.693;-0.01946020871;10
